{"chunk_definitions":[{"row":28,"row_count":1,"visible":true,"expansion_state":0,"options":{"engine":"r","label":"import"},"document_id":"135FBFD6","chunk_id":"c91ovm6d10g3c","chunk_label":"import"},{"row":36,"row_count":1,"visible":true,"expansion_state":0,"options":{"engine":"r","label":"1"},"document_id":"135FBFD6","chunk_id":"cva69p9sbpl7f","chunk_label":"1"},{"row":40,"row_count":1,"visible":true,"expansion_state":0,"options":{"engine":"r","label":"2"},"document_id":"135FBFD6","chunk_id":"cw820mu5bu3cf","chunk_label":"2"},{"row":44,"row_count":1,"visible":true,"expansion_state":0,"options":{"engine":"r","label":"3"},"document_id":"135FBFD6","chunk_id":"c81xw9plk20pu","chunk_label":"3"},{"row":48,"row_count":1,"visible":true,"expansion_state":0,"options":{"engine":"r","label":"4"},"document_id":"135FBFD6","chunk_id":"cv4o7vgbw1cwd","chunk_label":"4"},{"row":57,"row_count":1,"visible":true,"expansion_state":0,"options":{"engine":"r","label":"5"},"document_id":"135FBFD6","chunk_id":"c24t08qf0uxhb","chunk_label":"5"},{"row":64,"row_count":1,"visible":true,"expansion_state":0,"options":{"engine":"r","label":"6"},"document_id":"135FBFD6","chunk_id":"ck647a24a7xts","chunk_label":"6"},{"row":90,"row_count":1,"visible":true,"expansion_state":0,"options":{"engine":"r","label":"7"},"document_id":"135FBFD6","chunk_id":"cfw0lum51er3c","chunk_label":"7"},{"row":100,"row_count":1,"visible":true,"expansion_state":0,"options":{"engine":"r","label":"8"},"document_id":"135FBFD6","chunk_id":"ce9v2q5642j0h","chunk_label":"8"},{"row":113,"row_count":1,"visible":true,"expansion_state":0,"options":{"engine":"r","label":"9"},"document_id":"135FBFD6","chunk_id":"c2gbyjnzzl2j7","chunk_label":"9"},{"row":126,"row_count":1,"visible":true,"expansion_state":0,"options":{"engine":"r","label":"10"},"document_id":"135FBFD6","chunk_id":"c4pwuivag3c90","chunk_label":"10"},{"row":138,"row_count":1,"visible":true,"expansion_state":0,"options":{"engine":"r","label":"11"},"document_id":"135FBFD6","chunk_id":"cy70ajg914qsl","chunk_label":"11"},{"row":150,"row_count":1,"visible":true,"expansion_state":0,"options":{"engine":"r","label":"12"},"document_id":"135FBFD6","chunk_id":"cy0mr314fpaf3","chunk_label":"12"},{"row":159,"row_count":1,"visible":true,"expansion_state":0,"options":{"engine":"r","label":"13"},"document_id":"135FBFD6","chunk_id":"c641zvllsvd8m","chunk_label":"13"},{"row":176,"row_count":1,"visible":true,"expansion_state":0,"options":{"engine":"r","label":"14"},"document_id":"135FBFD6","chunk_id":"crwcjehijpt6a","chunk_label":"14"},{"row":187,"row_count":1,"visible":true,"expansion_state":0,"options":{"engine":"r","label":"15"},"document_id":"135FBFD6","chunk_id":"cbi4fbv0e60fh","chunk_label":"15"},{"row":209,"row_count":1,"visible":true,"expansion_state":0,"options":{"engine":"r","label":"unnamed-chunk-3"},"document_id":"135FBFD6","chunk_id":"cb0b2dahs54qm","chunk_label":"unnamed-chunk-1"},{"row":219,"row_count":1,"visible":true,"expansion_state":0,"options":{"engine":"r","label":"unnamed-chunk-7"},"document_id":"135FBFD6","chunk_id":"cithlgqiuichp","chunk_label":"unnamed-chunk-2"},{"row":231,"row_count":1,"visible":true,"expansion_state":0,"options":{"engine":"r","label":"unnamed-chunk-14"},"document_id":"135FBFD6","chunk_id":"ceir4q6vx01sz","chunk_label":"unnamed-chunk-3"},{"row":240,"row_count":1,"visible":true,"expansion_state":0,"options":{"engine":"r","label":"unnamed-chunk-15"},"document_id":"135FBFD6","chunk_id":"czie3b48mjxzh","chunk_label":"unnamed-chunk-4"},{"row":253,"row_count":1,"visible":true,"expansion_state":0,"options":{"engine":"r","label":"unnamed-chunk-17"},"document_id":"135FBFD6","chunk_id":"ce6bcm75xn8yk","chunk_label":"unnamed-chunk-5"},{"row":266,"row_count":1,"visible":true,"expansion_state":0,"options":{"engine":"r","label":"unnamed-chunk-18"},"document_id":"135FBFD6","chunk_id":"cirtavno2czys","chunk_label":"unnamed-chunk-6"},{"row":281,"row_count":1,"visible":true,"expansion_state":0,"options":{"engine":"r","label":"unnamed-chunk-22"},"document_id":"135FBFD6","chunk_id":"c5ar0l4s6pc34","chunk_label":"unnamed-chunk-7"},{"row":289,"row_count":1,"visible":true,"expansion_state":0,"options":{"engine":"r","label":"unnamed-chunk-23"},"document_id":"135FBFD6","chunk_id":"cct1k7pgq7b4k","chunk_label":"unnamed-chunk-8"},{"row":307,"row_count":1,"visible":true,"expansion_state":0,"options":{"engine":"r","label":"unnamed-chunk-33"},"document_id":"135FBFD6","chunk_id":"cviqe5qg4h4ip","chunk_label":"unnamed-chunk-9"}],"doc_write_time":1663766042,"chunk_rendered_width":700}