{"chunk_definitions":[{"row":29,"row_count":1,"visible":true,"expansion_state":0,"options":{"engine":"r","label":"unnamed-chunk-41"},"document_id":"27756D69","chunk_id":"ce5otj78s0q21","chunk_label":"unnamed-chunk-1"},{"row":33,"row_count":1,"visible":true,"expansion_state":0,"options":{"engine":"r","label":"unnamed-chunk-3"},"document_id":"27756D69","chunk_id":"c59cibcjtw3cv","chunk_label":"unnamed-chunk-2"},{"row":42,"row_count":1,"visible":true,"expansion_state":0,"options":{"engine":"r","label":"unnamed-chunk-22"},"document_id":"27756D69","chunk_id":"cpwn25eu5980g","chunk_label":"unnamed-chunk-3"},{"row":48,"row_count":1,"visible":true,"expansion_state":0,"options":{"engine":"r","label":"unnamed-chunk-42"},"document_id":"27756D69","chunk_id":"cyiaidhrp9o7m","chunk_label":"unnamed-chunk-4"},{"row":60,"row_count":1,"visible":true,"expansion_state":0,"options":{"engine":"r","label":"unnamed-chunk-43"},"document_id":"27756D69","chunk_id":"cs46jjtqfkdke","chunk_label":"unnamed-chunk-5"},{"row":70,"row_count":1,"visible":true,"expansion_state":0,"options":{"engine":"r","label":"unnamed-chunk-44"},"document_id":"27756D69","chunk_id":"c90klu3aj7mmf","chunk_label":"unnamed-chunk-6"},{"row":76,"row_count":1,"visible":true,"expansion_state":0,"options":{"engine":"r","label":"unnamed-chunk-45"},"document_id":"27756D69","chunk_id":"cdz8fby1m9ese","chunk_label":"unnamed-chunk-7"},{"row":89,"row_count":1,"visible":true,"expansion_state":0,"options":{"engine":"r","label":"unnamed-chunk-46"},"document_id":"27756D69","chunk_id":"cyctlfbni4k85","chunk_label":"unnamed-chunk-8"},{"row":102,"row_count":1,"visible":true,"expansion_state":0,"options":{"engine":"r","label":"unnamed-chunk-47"},"document_id":"27756D69","chunk_id":"chckov039jw8l","chunk_label":"unnamed-chunk-9"},{"row":109,"row_count":1,"visible":true,"expansion_state":0,"options":{"engine":"r","label":"unnamed-chunk-48"},"document_id":"27756D69","chunk_id":"cb4sqpejpg870","chunk_label":"unnamed-chunk-10"},{"row":123,"row_count":1,"visible":true,"expansion_state":0,"options":{"engine":"r","label":"unnamed-chunk-49"},"document_id":"27756D69","chunk_id":"cgkilmkymmtne","chunk_label":"unnamed-chunk-11"},{"row":132,"row_count":1,"visible":true,"expansion_state":0,"options":{"engine":"r","label":"unnamed-chunk-50"},"document_id":"27756D69","chunk_id":"ct6j1e6da9x5y","chunk_label":"unnamed-chunk-12"},{"row":139,"row_count":1,"visible":true,"expansion_state":0,"options":{"engine":"r","label":"unnamed-chunk-51"},"document_id":"27756D69","chunk_id":"cmd6rfd0ink39","chunk_label":"unnamed-chunk-13"},{"row":149,"row_count":1,"visible":true,"expansion_state":0,"options":{"engine":"r","label":"unnamed-chunk-52"},"document_id":"27756D69","chunk_id":"cfp0suiurw8he","chunk_label":"unnamed-chunk-14"},{"row":158,"row_count":1,"visible":true,"expansion_state":0,"options":{"engine":"r","label":"unnamed-chunk-53"},"document_id":"27756D69","chunk_id":"cq2kfv64k74qa","chunk_label":"unnamed-chunk-15"},{"row":166,"row_count":1,"visible":true,"expansion_state":0,"options":{"engine":"r","label":"unnamed-chunk-54"},"document_id":"27756D69","chunk_id":"cbmgb0n6vuh85","chunk_label":"unnamed-chunk-16"},{"row":177,"row_count":1,"visible":true,"expansion_state":0,"options":{"engine":"r","label":"unnamed-chunk-57"},"document_id":"27756D69","chunk_id":"cg8hr3m8ldov9","chunk_label":"unnamed-chunk-17"},{"row":191,"row_count":1,"visible":true,"expansion_state":0,"options":{"engine":"r","label":"unnamed-chunk-58"},"document_id":"27756D69","chunk_id":"cw4tj8bmli4nc","chunk_label":"unnamed-chunk-18"},{"row":202,"row_count":1,"visible":true,"expansion_state":0,"options":{"engine":"r","label":"unnamed-chunk-63"},"document_id":"27756D69","chunk_id":"coaf17y9bsasl","chunk_label":"unnamed-chunk-19"},{"row":209,"row_count":1,"visible":true,"expansion_state":0,"options":{"engine":"r","label":"unnamed-chunk-59"},"document_id":"27756D69","chunk_id":"ca56cwqwxnsji","chunk_label":"unnamed-chunk-20"},{"row":223,"row_count":1,"visible":true,"expansion_state":0,"options":{"engine":"r","label":"unnamed-chunk-60"},"document_id":"27756D69","chunk_id":"ckh59zw9yf4iz","chunk_label":"unnamed-chunk-21"},{"row":236,"row_count":1,"visible":true,"expansion_state":0,"options":{"engine":"r","label":"unnamed-chunk-61"},"document_id":"27756D69","chunk_id":"c3tu8t15qw8ns","chunk_label":"unnamed-chunk-22"},{"row":247,"row_count":1,"visible":true,"expansion_state":0,"options":{"engine":"r","label":"unnamed-chunk-62"},"document_id":"27756D69","chunk_id":"cuq1bnsmvxd2n","chunk_label":"unnamed-chunk-23"},{"row":257,"row_count":1,"visible":true,"expansion_state":0,"options":{"engine":"r","label":"unnamed-chunk-142"},"document_id":"27756D69","chunk_id":"c4gncox05eg94","chunk_label":"unnamed-chunk-24"},{"row":265,"row_count":1,"visible":true,"expansion_state":0,"options":{"engine":"r","label":"unnamed-chunk-143"},"document_id":"27756D69","chunk_id":"cyg01vx6tkdgb","chunk_label":"unnamed-chunk-25"},{"row":276,"row_count":1,"visible":true,"expansion_state":0,"options":{"engine":"r","label":"unnamed-chunk-90"},"document_id":"27756D69","chunk_id":"c0vp6aezmh4k9","chunk_label":"unnamed-chunk-26"},{"row":293,"row_count":1,"visible":true,"expansion_state":0,"options":{"engine":"r","label":"unnamed-chunk-154"},"document_id":"27756D69","chunk_id":"cohq6jaixjmyl","chunk_label":"unnamed-chunk-27"},{"row":300,"row_count":1,"visible":true,"expansion_state":0,"options":{"engine":"r","label":"unnamed-chunk-159"},"document_id":"27756D69","chunk_id":"ct15uyowxhvfr","chunk_label":"unnamed-chunk-28"},{"row":307,"row_count":1,"visible":true,"expansion_state":0,"options":{"engine":"r","label":"unnamed-chunk-164"},"document_id":"27756D69","chunk_id":"c21fdrydnwkr1","chunk_label":"unnamed-chunk-29"}],"doc_write_time":1665997198,"chunk_rendered_width":700}