{"chunk_definitions":[{"row":9,"row_count":1,"visible":true,"expansion_state":0,"options":{"engine":"r","label":"setup","include":false},"document_id":"B2BAC461","chunk_id":"csetup_chunk","chunk_label":"setup"},{"row":22,"row_count":1,"visible":true,"expansion_state":0,"options":{"engine":"r","label":"unnamed-chunk-6"},"document_id":"B2BAC461","chunk_id":"cjkm704t4jxhq","chunk_label":"unnamed-chunk-1"},{"row":58,"row_count":1,"visible":true,"expansion_state":0,"options":{"engine":"r","label":"unnamed-chunk-20"},"document_id":"B2BAC461","chunk_id":"cke2boyyk5tv8","chunk_label":"unnamed-chunk-3"},{"row":80,"row_count":1,"visible":true,"expansion_state":0,"options":{"engine":"r","label":"unnamed-chunk-28"},"document_id":"B2BAC461","chunk_id":"c72lcihyz8tzs","chunk_label":"unnamed-chunk-4"},{"row":109,"row_count":1,"visible":true,"expansion_state":0,"options":{"engine":"r","label":"unnamed-chunk-42"},"document_id":"B2BAC461","chunk_id":"cp2ad1u4kzhc9","chunk_label":"unnamed-chunk-5"},{"row":115,"row_count":1,"visible":true,"expansion_state":0,"options":{"engine":"r","label":"unnamed-chunk-44"},"document_id":"B2BAC461","chunk_id":"c68wksjvr553c","chunk_label":"unnamed-chunk-6"}],"doc_write_time":1667239492,"working_dir":null,"default_chunk_options":{"echo":true}}