"0",""
"0","table(cut(Boston$lstat, brks))"
"1","
"
"1","(-Inf,6.29] "
"1","(6.29,9.53] "
"1","(9.53,13.3] "
"1","(13.3,18.1] "
"1","(18.1, Inf] "
"1","
"
"1","        102 "
"1","        101 "
"1","        101 "
"1","        101 "
"1","        101 "
"1","
"
"0","piecewise_cubic_basis <- function(vec, knots = 1) {"
"0","  # If there is only one section, just return the 3rd order polynomial"
"0","  if (knots == 0) return(poly(vec, degree = 3, raw = TRUE))"
"0","  "
"0","  # cut the vector"
"0","  cut_vec <- cut(vec, breaks = knots + 1)"
"0","  "
"0","  # initialise a matrix for the piecewise polynomial"
"0","  out <- matrix(nrow = length(vec), ncol = 0)"
"0","  "
"0","  # loop over the levels of the cut vector"
"0","  for (lvl in levels(cut_vec)) {"
"0","    "
"0","    # temporary vector"
"0","    tmp <- vec"
"0","    "
"0","    # set all values to 0 except the current section"
"0","    tmp[cut_vec != lvl] <- 0"
"0","    "
"0","    # add the polynomial based on this vector to the matrix"
"0","    out <- cbind(out, poly(tmp, degree = 3, raw = TRUE))"
"0","    "
"0","  }"
"0","  "
"0","  # return the piecewise polynomial matrix"
"0","  out"
"0","  "
"0","}"
"0",""
"0",""
"0","pc1_mod <- lm(medv ~ piecewise_cubic_basis(lstat, 1), data = Boston)"
"0","pc2_mod <- lm(medv ~ piecewise_cubic_basis(lstat, 2), data = Boston)"
"0","pc3_mod <- lm(medv ~ piecewise_cubic_basis(lstat, 3), data = Boston)"
"0",""
"0","pred_plot(pc1_mod)"
