"0","lda_iris <- lda(Species ~ ., data = iris)"
"0",""
"0","# use those parameters to compute the first linear discriminant"
"0","first_ld <- -c(as.matrix(iris[, -5]) %*% lda_iris$scaling[,1])"
"0",""
"0","# plot"
"0","tibble("
"0","  ld = first_ld,"
"0","  Species = iris$Species"
"0",") %>% "
"0","  ggplot(aes(x = ld, fill = Species)) +"
"0","  geom_histogram(binwidth = .5, position = ""identity"", alpha = .7) +"
"0","  scale_fill_viridis_d(guide = ) +"
"0","  theme_minimal() +"
"0","  labs("
"0","    x = ""Discriminant function"","
"0","    y = ""Frequency"", "
"0","    main = ""Fisher's linear discriminant function on Iris species"""
"0","  ) + "
"0","  theme(legend.position = ""top"")"
