{"chunk_definitions":[{"row":9,"row_count":1,"visible":true,"expansion_state":0,"options":{"engine":"r","label":"setup","include":false},"document_id":"4A8ACBB4","chunk_id":"csetup_chunk","chunk_label":"setup"},{"row":21,"row_count":1,"visible":true,"expansion_state":0,"options":{"engine":"r","label":"unnamed-chunk-1"},"document_id":"4A8ACBB4","chunk_id":"cjmjqc17unvve","chunk_label":"unnamed-chunk-1"},{"row":158,"row_count":1,"visible":true,"expansion_state":0,"options":{"engine":"r","label":"unnamed-chunk-2"},"document_id":"4A8ACBB4","chunk_id":"cz5691inhxx8p","chunk_label":"unnamed-chunk-3"}],"doc_write_time":1668176687,"working_dir":null,"default_chunk_options":{"echo":true}}