"0","TN <- conf_m[1, 1]"
"0","FN <- conf_m[2, 1]"
"0","FP <- conf_m[1, 2]"
"0","TP <- conf_m[2, 2]"
"0","acc = (TP+TN)/(TN+FN+FP+TP)"
"0","TPR = TP/(TP+FN)"
"0","TNR = TN/(TN+FP)"
"0","FPR = FP/(FP+TN)"
"0","PPV = TP/(TP+FP)"
"0","NPV = TN/(TN+FN)"
"0","tibble(""Accuracy"" = acc,"
"0","       ""Sensitivity"" = TPR, "
"0","       ""Specificity"" = TNR,"
"0","       ""False positive rate"" = FPR,"
"0","       ""Positive predictive value (precision)"" = PPV,"
"0","       ""Negative predictive value"" = NPV)"
