{"chunk_definitions":[{"row":13,"row_count":1,"visible":true,"expansion_state":0,"options":{"engine":"r","label":"setup","include":false},"document_id":"F319729E","chunk_id":"csetup_chunk","chunk_label":"setup"},{"row":24,"row_count":1,"visible":true,"expansion_state":0,"options":{"engine":"r","echo":false,"label":"unnamed-chunk-3"},"document_id":"F319729E","chunk_id":"cpjrrsp1zv59c","chunk_label":"unnamed-chunk-1"},{"row":60,"row_count":1,"visible":true,"expansion_state":0,"options":{"engine":"r","label":"unnamed-chunk-9"},"document_id":"F319729E","chunk_id":"csbre9tpwwogj","chunk_label":"unnamed-chunk-3"},{"row":68,"row_count":1,"visible":true,"expansion_state":0,"options":{"engine":"r","label":"unnamed-chunk-11"},"document_id":"F319729E","chunk_id":"cfp74djrum654","chunk_label":"unnamed-chunk-4"},{"row":79,"row_count":1,"visible":true,"expansion_state":0,"options":{"engine":"r","label":"unnamed-chunk-30"},"document_id":"F319729E","chunk_id":"cx57sz457wdmm","chunk_label":"unnamed-chunk-5"},{"row":94,"row_count":1,"visible":true,"expansion_state":0,"options":{"engine":"r","label":"unnamed-chunk-49"},"document_id":"F319729E","chunk_id":"c75crg5qz3qi9","chunk_label":"unnamed-chunk-7"},{"row":110,"row_count":1,"visible":true,"expansion_state":0,"options":{"engine":"r","label":"unnamed-chunk-58"},"document_id":"F319729E","chunk_id":"cx0iojqpi242l","chunk_label":"unnamed-chunk-9"},{"row":139,"row_count":1,"visible":true,"expansion_state":0,"options":{"engine":"r","label":"unnamed-chunk-88"},"document_id":"F319729E","chunk_id":"cx2hikl8cnjzf","chunk_label":"unnamed-chunk-13"},{"row":148,"row_count":1,"visible":true,"expansion_state":0,"options":{"engine":"r","label":"unnamed-chunk-96"},"document_id":"F319729E","chunk_id":"cn3adv54xiso9","chunk_label":"unnamed-chunk-14"},{"row":164,"row_count":1,"visible":true,"expansion_state":0,"options":{"engine":"r","label":"unnamed-chunk-115"},"document_id":"F319729E","chunk_id":"cj2tsligvgzti","chunk_label":"unnamed-chunk-16"},{"row":176,"row_count":1,"visible":true,"expansion_state":0,"options":{"engine":"r","label":"unnamed-chunk-120"},"document_id":"F319729E","chunk_id":"c88hpn6nzj2e9","chunk_label":"unnamed-chunk-17"},{"row":186,"row_count":1,"visible":true,"expansion_state":0,"options":{"engine":"r","label":"unnamed-chunk-125"},"document_id":"F319729E","chunk_id":"c9xf9llcr0695","chunk_label":"unnamed-chunk-19"},{"row":191,"row_count":1,"visible":true,"expansion_state":0,"options":{"engine":"r","label":"unnamed-chunk-150"},"document_id":"F319729E","chunk_id":"ce2kyuh48yhqc","chunk_label":"unnamed-chunk-20"},{"row":197,"row_count":1,"visible":true,"expansion_state":0,"options":{"engine":"r","label":"unnamed-chunk-151"},"document_id":"F319729E","chunk_id":"cot0zfnglgpqq","chunk_label":"unnamed-chunk-21"},{"row":204,"row_count":1,"visible":true,"expansion_state":0,"options":{"engine":"r","label":"unnamed-chunk-155"},"document_id":"F319729E","chunk_id":"cl7isammc3wxl","chunk_label":"unnamed-chunk-22"},{"row":212,"row_count":1,"visible":true,"expansion_state":0,"options":{"engine":"r","label":"unnamed-chunk-165"},"document_id":"F319729E","chunk_id":"cqz4ho2lrq8qv","chunk_label":"unnamed-chunk-23"},{"row":218,"row_count":1,"visible":true,"expansion_state":0,"options":{"engine":"r","label":"unnamed-chunk-168"},"document_id":"F319729E","chunk_id":"ck6ugf500arvt","chunk_label":"unnamed-chunk-24"},{"row":225,"row_count":1,"visible":true,"expansion_state":0,"options":{"engine":"r","label":"unnamed-chunk-167"},"document_id":"F319729E","chunk_id":"c78plt27bc1s2","chunk_label":"unnamed-chunk-25"}],"doc_write_time":1663606462,"chunk_rendered_width":700,"working_dir":null,"default_chunk_options":{"echo":true}}