{"chunk_definitions":[{"row":9,"row_count":1,"visible":true,"expansion_state":0,"options":{"engine":"r","label":"setup","include":false},"document_id":"16D8C21B","chunk_id":"csetup_chunk","chunk_label":"setup"},{"row":20,"row_count":1,"visible":true,"expansion_state":0,"options":{"engine":"r","label":"unnamed-chunk-4"},"document_id":"16D8C21B","chunk_id":"cwky7zcag3ri4","chunk_label":"unnamed-chunk-1"},{"row":62,"row_count":1,"visible":true,"expansion_state":0,"options":{"engine":"r","label":"unnamed-chunk-2"},"document_id":"16D8C21B","chunk_id":"cmccosx7g66aa","chunk_label":"unnamed-chunk-7"},{"row":69,"row_count":1,"visible":true,"expansion_state":0,"options":{"engine":"r","label":"unnamed-chunk-7"},"document_id":"16D8C21B","chunk_id":"cyukh6pf5dvyw","chunk_label":"unnamed-chunk-8"},{"row":187,"row_count":1,"visible":true,"expansion_state":0,"options":{"engine":"r","label":"unnamed-chunk-8"},"document_id":"16D8C21B","chunk_id":"cam5hcq7kvi19","chunk_label":"unnamed-chunk-18"}],"doc_write_time":1667237847,"working_dir":null,"default_chunk_options":{"echo":true}}