{"chunk_definitions":[{"row":29,"row_count":1,"visible":true,"expansion_state":0,"options":{"engine":"r","label":"unnamed-chunk-41"},"document_id":"27756D69","chunk_id":"ce5otj78s0q21","chunk_label":"unnamed-chunk-1"},{"row":33,"row_count":1,"visible":true,"expansion_state":0,"options":{"engine":"r","label":"unnamed-chunk-3"},"document_id":"27756D69","chunk_id":"c59cibcjtw3cv","chunk_label":"unnamed-chunk-2"},{"row":41,"row_count":1,"visible":true,"expansion_state":0,"options":{"engine":"r","label":"unnamed-chunk-34"},"document_id":"27756D69","chunk_id":"cpwn25eu5980g","chunk_label":"unnamed-chunk-3"},{"row":47,"row_count":1,"visible":true,"expansion_state":0,"options":{"engine":"r","label":"unnamed-chunk-35"},"document_id":"27756D69","chunk_id":"cyiaidhrp9o7m","chunk_label":"unnamed-chunk-4"},{"row":59,"row_count":1,"visible":true,"expansion_state":0,"options":{"engine":"r","label":"unnamed-chunk-36"},"document_id":"27756D69","chunk_id":"cs46jjtqfkdke","chunk_label":"unnamed-chunk-5"},{"row":69,"row_count":1,"visible":true,"expansion_state":0,"options":{"engine":"r","label":"unnamed-chunk-37"},"document_id":"27756D69","chunk_id":"c90klu3aj7mmf","chunk_label":"unnamed-chunk-6"},{"row":75,"row_count":1,"visible":true,"expansion_state":0,"options":{"engine":"r","label":"unnamed-chunk-38"},"document_id":"27756D69","chunk_id":"cdz8fby1m9ese","chunk_label":"unnamed-chunk-7"},{"row":88,"row_count":1,"visible":true,"expansion_state":0,"options":{"engine":"r","label":"unnamed-chunk-39"},"document_id":"27756D69","chunk_id":"cyctlfbni4k85","chunk_label":"unnamed-chunk-8"},{"row":101,"row_count":1,"visible":true,"expansion_state":0,"options":{"engine":"r","label":"unnamed-chunk-48"},"document_id":"27756D69","chunk_id":"chckov039jw8l","chunk_label":"unnamed-chunk-9"},{"row":108,"row_count":1,"visible":true,"expansion_state":0,"options":{"engine":"r","label":"unnamed-chunk-49"},"document_id":"27756D69","chunk_id":"cb4sqpejpg870","chunk_label":"unnamed-chunk-10"},{"row":122,"row_count":1,"visible":true,"expansion_state":0,"options":{"engine":"r","label":"unnamed-chunk-50"},"document_id":"27756D69","chunk_id":"cgkilmkymmtne","chunk_label":"unnamed-chunk-11"},{"row":131,"row_count":1,"visible":true,"expansion_state":0,"options":{"engine":"r","label":"unnamed-chunk-51"},"document_id":"27756D69","chunk_id":"ct6j1e6da9x5y","chunk_label":"unnamed-chunk-12"},{"row":138,"row_count":1,"visible":true,"expansion_state":0,"options":{"engine":"r","label":"unnamed-chunk-52"},"document_id":"27756D69","chunk_id":"cmd6rfd0ink39","chunk_label":"unnamed-chunk-13"},{"row":148,"row_count":1,"visible":true,"expansion_state":0,"options":{"engine":"r","label":"unnamed-chunk-53"},"document_id":"27756D69","chunk_id":"cfp0suiurw8he","chunk_label":"unnamed-chunk-14"},{"row":157,"row_count":1,"visible":true,"expansion_state":0,"options":{"engine":"r","label":"unnamed-chunk-54"},"document_id":"27756D69","chunk_id":"cq2kfv64k74qa","chunk_label":"unnamed-chunk-15"},{"row":165,"row_count":1,"visible":true,"expansion_state":0,"options":{"engine":"r","label":"unnamed-chunk-55"},"document_id":"27756D69","chunk_id":"cbmgb0n6vuh85","chunk_label":"unnamed-chunk-16"},{"row":176,"row_count":1,"visible":true,"expansion_state":0,"options":{"engine":"r","label":"unnamed-chunk-57"},"document_id":"27756D69","chunk_id":"cg8hr3m8ldov9","chunk_label":"unnamed-chunk-17"},{"row":190,"row_count":1,"visible":true,"expansion_state":0,"options":{"engine":"r","label":"unnamed-chunk-62"},"document_id":"27756D69","chunk_id":"cw4tj8bmli4nc","chunk_label":"unnamed-chunk-18"},{"row":201,"row_count":1,"visible":true,"expansion_state":0,"options":{"engine":"r","label":"unnamed-chunk-63"},"document_id":"27756D69","chunk_id":"coaf17y9bsasl","chunk_label":"unnamed-chunk-19"},{"row":208,"row_count":1,"visible":true,"expansion_state":0,"options":{"engine":"r","label":"unnamed-chunk-65"},"document_id":"27756D69","chunk_id":"ca56cwqwxnsji","chunk_label":"unnamed-chunk-20"},{"row":222,"row_count":1,"visible":true,"expansion_state":0,"options":{"engine":"r","label":"unnamed-chunk-72"},"document_id":"27756D69","chunk_id":"ckh59zw9yf4iz","chunk_label":"unnamed-chunk-21"},{"row":235,"row_count":1,"visible":true,"expansion_state":0,"options":{"engine":"r","label":"unnamed-chunk-78"},"document_id":"27756D69","chunk_id":"c3tu8t15qw8ns","chunk_label":"unnamed-chunk-22"},{"row":246,"row_count":1,"visible":true,"expansion_state":0,"options":{"engine":"r","label":"unnamed-chunk-82"},"document_id":"27756D69","chunk_id":"cuq1bnsmvxd2n","chunk_label":"unnamed-chunk-23"},{"row":257,"row_count":1,"visible":true,"expansion_state":0,"options":{"engine":"r","label":"unnamed-chunk-85"},"document_id":"27756D69","chunk_id":"c4gncox05eg94","chunk_label":"unnamed-chunk-24"},{"row":265,"row_count":1,"visible":true,"expansion_state":0,"options":{"engine":"r","label":"unnamed-chunk-86"},"document_id":"27756D69","chunk_id":"cyg01vx6tkdgb","chunk_label":"unnamed-chunk-25"},{"row":276,"row_count":1,"visible":true,"expansion_state":0,"options":{"engine":"r","label":"unnamed-chunk-90"},"document_id":"27756D69","chunk_id":"c0vp6aezmh4k9","chunk_label":"unnamed-chunk-26"},{"row":287,"row_count":1,"visible":true,"expansion_state":0,"options":{"engine":"r","label":"unnamed-chunk-92"},"document_id":"27756D69","chunk_id":"cohq6jaixjmyl","chunk_label":"unnamed-chunk-27"}],"doc_write_time":1665419577,"chunk_rendered_width":700}