{"chunk_definitions":[{"row":9,"row_count":1,"visible":true,"expansion_state":0,"options":{"engine":"r","label":"setup","include":false},"document_id":"9917DF83","chunk_id":"csetup_chunk","chunk_label":"setup"},{"row":20,"row_count":1,"visible":true,"expansion_state":0,"options":{"engine":"r","label":"unnamed-chunk-30"},"document_id":"9917DF83","chunk_id":"cb1gkfq44onsg","chunk_label":"unnamed-chunk-1"},{"row":31,"row_count":1,"visible":true,"expansion_state":0,"options":{"engine":"r","label":"unnamed-chunk-33"},"document_id":"9917DF83","chunk_id":"chd4fgdo5luen","chunk_label":"unnamed-chunk-2"},{"row":55,"row_count":1,"visible":true,"expansion_state":0,"options":{"engine":"r","label":"unnamed-chunk-39"},"document_id":"9917DF83","chunk_id":"czzo4pdast445","chunk_label":"unnamed-chunk-4"},{"row":77,"row_count":1,"visible":true,"expansion_state":0,"options":{"engine":"r","label":"unnamed-chunk-47"},"document_id":"9917DF83","chunk_id":"c6zcqossg8jde","chunk_label":"unnamed-chunk-5"},{"row":106,"row_count":1,"visible":true,"expansion_state":0,"options":{"engine":"r","label":"unnamed-chunk-61"},"document_id":"9917DF83","chunk_id":"cpadtju6flbs6","chunk_label":"unnamed-chunk-6"},{"row":139,"row_count":1,"visible":true,"expansion_state":0,"options":{"engine":"r","label":"unnamed-chunk-87"},"document_id":"9917DF83","chunk_id":"cg4ee46rbovmp","chunk_label":"unnamed-chunk-8"},{"row":155,"row_count":1,"visible":true,"expansion_state":0,"options":{"engine":"r","label":"unnamed-chunk-91"},"document_id":"9917DF83","chunk_id":"crfpk57xuu70t","chunk_label":"unnamed-chunk-9"},{"row":164,"row_count":1,"visible":true,"expansion_state":0,"options":{"engine":"r","label":"unnamed-chunk-95"},"document_id":"9917DF83","chunk_id":"c6i5eagoutn55","chunk_label":"unnamed-chunk-10"},{"row":173,"row_count":1,"visible":true,"expansion_state":0,"options":{"engine":"r","label":"unnamed-chunk-97"},"document_id":"9917DF83","chunk_id":"cqk7uyf09eev0","chunk_label":"unnamed-chunk-11"},{"row":180,"row_count":1,"visible":true,"expansion_state":0,"options":{"engine":"r","label":"unnamed-chunk-99"},"document_id":"9917DF83","chunk_id":"cw9574todl6ru","chunk_label":"unnamed-chunk-12"},{"row":205,"row_count":1,"visible":true,"expansion_state":0,"options":{"engine":"r","label":"unnamed-chunk-159"},"document_id":"9917DF83","chunk_id":"cl04cd9eyqrxv","chunk_label":"unnamed-chunk-13"}],"doc_write_time":1667237726}