{"chunk_definitions":[{"row":9,"row_count":1,"visible":true,"expansion_state":0,"options":{"engine":"r","label":"setup","include":false},"document_id":"AE86A885","chunk_id":"csetup_chunk","chunk_label":"setup"},{"row":16,"row_count":1,"visible":true,"expansion_state":0,"options":{"engine":"r","results":"hide","label":"unnamed-chunk-1"},"document_id":"AE86A885","chunk_id":"cew1nb6bges46","chunk_label":"unnamed-chunk-1"},{"row":186,"row_count":1,"visible":true,"expansion_state":0,"options":{"engine":"r","label":"unnamed-chunk-2"},"document_id":"AE86A885","chunk_id":"cxceqqicmveac","chunk_label":"unnamed-chunk-2"}],"doc_write_time":1668174804,"working_dir":null,"default_chunk_options":{"echo":true}}