"0",""
"0","prop.table(table(df$Gender, df$Disease), margin = 1) %>%"
"0","  as.data.frame %>%"
"0","  select(Gender = Var1, Disease = Var2, `Relative Frequency` = Freq) %>%"
"0","  ggplot(aes(y = `Relative Frequency`, x = Gender, col = Disease, fill = Disease)) +"
"0","  geom_histogram(alpha = 0.8, stat = ""identity"", position = ""dodge"") +"
"0","  scale_fill_brewer(palette = ""Paired"") +"
"0","  scale_color_brewer(palette = ""Paired"") +"
"0","  theme_minimal()"
"2","Warning: Ignoring unknown parameters: binwidth, bins, pad"
