"0","popular_apps <- read_csv(""data/googleplaystore.csv"") %>% mutate(Downloads = parse_number(Installs)) %>% filter(Downloads > 5e8) %>% arrange(-Rating) %>% select(App, Rating, Downloads, Category) %>% distinct(App, .keep_all = TRUE)"
"2","[1mRows: [22m[34m10841[39m [1mColumns: [22m[34m13[39m"
"2","[36m──[39m [1mColumn specification[22m [36m───────────────────────────────────────────────────────────────────[39m
[1mDelimiter:[22m "",""
[31mchr[39m (11): App, Category, Size, Installs, Type, Price, Content Rating, Genres, Last Upda...
[32mdbl[39m  (2): Rating, Reviews"
"2","
[36mℹ[39m Use `spec()` to retrieve the full column specification for this data.
[36mℹ[39m Specify the column types or set `show_col_types = FALSE` to quiet this message."
