{"chunk_definitions":[{"row":37,"row_count":1,"visible":true,"expansion_state":0,"options":{"engine":"r","label":"unnamed-chunk-5"},"document_id":"8BC06FC1","chunk_id":"csao3kbqsetub","chunk_label":"unnamed-chunk-1"},{"row":42,"row_count":1,"visible":true,"expansion_state":0,"options":{"engine":"r","label":"unnamed-chunk-8"},"document_id":"8BC06FC1","chunk_id":"cbtw1galpi8b9","chunk_label":"unnamed-chunk-2"},{"row":50,"row_count":1,"visible":true,"expansion_state":0,"options":{"engine":"r","label":"unnamed-chunk-9"},"document_id":"8BC06FC1","chunk_id":"c3acq10hr9jjq","chunk_label":"unnamed-chunk-3"},{"row":56,"row_count":1,"visible":true,"expansion_state":0,"options":{"engine":"r","label":"unnamed-chunk-10"},"document_id":"8BC06FC1","chunk_id":"cr1wz32ji9qxa","chunk_label":"unnamed-chunk-4"},{"row":77,"row_count":1,"visible":true,"expansion_state":0,"options":{"engine":"r","label":"unnamed-chunk-22"},"document_id":"8BC06FC1","chunk_id":"cghmcyhmyxbxj","chunk_label":"unnamed-chunk-5"},{"row":88,"row_count":1,"visible":true,"expansion_state":0,"options":{"engine":"r","label":"unnamed-chunk-23"},"document_id":"8BC06FC1","chunk_id":"c645n6iye13zv","chunk_label":"unnamed-chunk-6"},{"row":106,"row_count":1,"visible":true,"expansion_state":0,"options":{"engine":"r","label":"unnamed-chunk-24"},"document_id":"8BC06FC1","chunk_id":"cv9bagz8j5lgh","chunk_label":"unnamed-chunk-7"},{"row":114,"row_count":1,"visible":true,"expansion_state":0,"options":{"engine":"r","label":"unnamed-chunk-25"},"document_id":"8BC06FC1","chunk_id":"cmzi0y5p8d0vp","chunk_label":"unnamed-chunk-8"},{"row":122,"row_count":1,"visible":true,"expansion_state":0,"options":{"engine":"r","label":"unnamed-chunk-27"},"document_id":"8BC06FC1","chunk_id":"cp48fbbhnmlxl","chunk_label":"unnamed-chunk-9"},{"row":132,"row_count":1,"visible":true,"expansion_state":0,"options":{"engine":"r","label":"unnamed-chunk-28"},"document_id":"8BC06FC1","chunk_id":"cc41b19yqariq","chunk_label":"unnamed-chunk-10"},{"row":140,"row_count":1,"visible":true,"expansion_state":0,"options":{"engine":"r","label":"unnamed-chunk-34"},"document_id":"8BC06FC1","chunk_id":"cemgb1a6k0q9z","chunk_label":"unnamed-chunk-11"},{"row":151,"row_count":1,"visible":true,"expansion_state":0,"options":{"engine":"r","label":"unnamed-chunk-35"},"document_id":"8BC06FC1","chunk_id":"c3wu4rtzt8ja9","chunk_label":"unnamed-chunk-12"},{"row":159,"row_count":1,"visible":true,"expansion_state":0,"options":{"engine":"r","label":"unnamed-chunk-38"},"document_id":"8BC06FC1","chunk_id":"c72dnw5tu5p7r","chunk_label":"unnamed-chunk-13"},{"row":169,"row_count":1,"visible":true,"expansion_state":0,"options":{"engine":"r","label":"unnamed-chunk-39"},"document_id":"8BC06FC1","chunk_id":"cfjo4v94qst93","chunk_label":"unnamed-chunk-14"},{"row":181,"row_count":1,"visible":true,"expansion_state":0,"options":{"engine":"r","label":"unnamed-chunk-41"},"document_id":"8BC06FC1","chunk_id":"csbjddl32bgjy","chunk_label":"unnamed-chunk-15"},{"row":189,"row_count":1,"visible":true,"expansion_state":0,"options":{"engine":"r","label":"unnamed-chunk-43"},"document_id":"8BC06FC1","chunk_id":"ck7cwk920oq8n","chunk_label":"unnamed-chunk-16"},{"row":197,"row_count":1,"visible":true,"expansion_state":0,"options":{"engine":"r","label":"unnamed-chunk-45"},"document_id":"8BC06FC1","chunk_id":"ch8tpphn1na06","chunk_label":"unnamed-chunk-17"},{"row":206,"row_count":1,"visible":true,"expansion_state":0,"options":{"engine":"r","label":"unnamed-chunk-6"},"document_id":"8BC06FC1","chunk_id":"cljsm9f3w1q5j","chunk_label":"unnamed-chunk-18"},{"row":231,"row_count":1,"visible":true,"expansion_state":0,"options":{"engine":"r","label":"unnamed-chunk-11"},"document_id":"8BC06FC1","chunk_id":"cjhw3nwpau0qd","chunk_label":"unnamed-chunk-19"},{"row":241,"row_count":1,"visible":true,"expansion_state":0,"options":{"engine":"r","label":"unnamed-chunk-12"},"document_id":"8BC06FC1","chunk_id":"c8li8poz5zr4c","chunk_label":"unnamed-chunk-20"},{"row":246,"row_count":1,"visible":true,"expansion_state":0,"options":{"engine":"r","label":"unnamed-chunk-13"},"document_id":"8BC06FC1","chunk_id":"cr1rglm64y6jr","chunk_label":"unnamed-chunk-21"},{"row":257,"row_count":1,"visible":true,"expansion_state":0,"options":{"engine":"r","label":"unnamed-chunk-15"},"document_id":"8BC06FC1","chunk_id":"cf4rsbfpy44oi","chunk_label":"unnamed-chunk-22"},{"row":263,"row_count":1,"visible":true,"expansion_state":0,"options":{"engine":"r","label":"unnamed-chunk-16"},"document_id":"8BC06FC1","chunk_id":"ci4upzdrpint2","chunk_label":"unnamed-chunk-23"},{"row":283,"row_count":1,"visible":true,"expansion_state":0,"options":{"engine":"r","label":"unnamed-chunk-19"},"document_id":"8BC06FC1","chunk_id":"ca8nvlethvl9a","chunk_label":"unnamed-chunk-24"}],"doc_write_time":1667230138,"chunk_rendered_width":684}