"0",""
"0","pred_plot <- function(model) {"
"0","  # First create predictions for all values of lstat"
"0","  x_pred <- seq(min(Boston$lstat), max(Boston$lstat), length.out = 500)"
"0","  y_pred <- predict(model, newdata = tibble(lstat = x_pred))"
"0","  "
"0","  # Then create a ggplot object with a line based on those predictions"
"0","  Boston %>%"
"0","    ggplot(aes(x = lstat, y = medv)) +"
"0","    geom_point() +"
"0","    geom_line(data = tibble(lstat = x_pred, medv = y_pred), size = 1, col = ""blue"") +"
"0","    theme_minimal()"
"0","}"
"0",""
"0",""
"0","lin_mod <- lm(medv ~ lstat, data = Boston)"
"0","pred_plot(lin_mod)"
