{"chunk_definitions":[{"row":26,"row_count":1,"visible":true,"expansion_state":0,"options":{"engine":"r","label":"load_packages","message":false,"warning":false},"document_id":"77A69DCD","chunk_id":"csg5hwosppxd6","chunk_label":"load_packages"},{"row":42,"row_count":1,"visible":true,"expansion_state":0,"options":{"engine":"r","label":"1"},"document_id":"77A69DCD","chunk_id":"cmv29f3ht2gcg","chunk_label":"1"},{"row":60,"row_count":1,"visible":true,"expansion_state":0,"options":{"engine":"r","label":"2"},"document_id":"77A69DCD","chunk_id":"czmwsygwuwe5a","chunk_label":"2"},{"row":70,"row_count":1,"visible":true,"expansion_state":0,"options":{"engine":"r","label":"3"},"document_id":"77A69DCD","chunk_id":"csxo07n4gexpj","chunk_label":"3"},{"row":75,"row_count":1,"visible":true,"expansion_state":0,"options":{"engine":"r","label":"3b"},"document_id":"77A69DCD","chunk_id":"cnpmgodlrdtk4","chunk_label":"3b"},{"row":94,"row_count":1,"visible":true,"expansion_state":0,"options":{"engine":"r","label":"5"},"document_id":"77A69DCD","chunk_id":"cdbwdb1wrf4dq","chunk_label":"5"},{"row":110,"row_count":1,"visible":true,"expansion_state":0,"options":{"engine":"r","label":"7"},"document_id":"77A69DCD","chunk_id":"cyudjtx8eaw30","chunk_label":"7"},{"row":122,"row_count":1,"visible":true,"expansion_state":0,"options":{"engine":"r","label":"8"},"document_id":"77A69DCD","chunk_id":"cj555pqpuldvj","chunk_label":"8"},{"row":134,"row_count":1,"visible":true,"expansion_state":0,"options":{"engine":"r","label":"9"},"document_id":"77A69DCD","chunk_id":"cvf7dm2zvwj9r","chunk_label":"9"},{"row":140,"row_count":1,"visible":true,"expansion_state":0,"options":{"engine":"r","label":"9c"},"document_id":"77A69DCD","chunk_id":"cyflh4pweamyy","chunk_label":"9c"},{"row":150,"row_count":1,"visible":true,"expansion_state":0,"options":{"engine":"r","label":"unnamed-chunk-1"},"document_id":"77A69DCD","chunk_id":"cczo264ypjb3y","chunk_label":"unnamed-chunk-1"},{"row":161,"row_count":1,"visible":true,"expansion_state":0,"options":{"engine":"r","label":"11"},"document_id":"77A69DCD","chunk_id":"c868s45ero7f7","chunk_label":"11"},{"row":171,"row_count":1,"visible":true,"expansion_state":0,"options":{"engine":"r","label":"12"},"document_id":"77A69DCD","chunk_id":"c5m9vbvqkpa81","chunk_label":"12"},{"row":181,"row_count":1,"visible":true,"expansion_state":0,"options":{"engine":"r","label":"13"},"document_id":"77A69DCD","chunk_id":"c6jxn9o3reo8o","chunk_label":"13"},{"row":191,"row_count":1,"visible":true,"expansion_state":0,"options":{"engine":"r","label":"14"},"document_id":"77A69DCD","chunk_id":"cm7w92me7zlap","chunk_label":"14"},{"row":196,"row_count":1,"visible":true,"expansion_state":0,"options":{"engine":"r","label":"15"},"document_id":"77A69DCD","chunk_id":"cmsu4jahktx0e","chunk_label":"15"},{"row":206,"row_count":1,"visible":true,"expansion_state":0,"options":{"engine":"r","label":"15"},"document_id":"77A69DCD","chunk_id":"coqv50pco8hql","chunk_label":"15b"},{"row":216,"row_count":1,"visible":true,"expansion_state":0,"options":{"engine":"r","label":"16"},"document_id":"77A69DCD","chunk_id":"cxksa1z2xp3jk","chunk_label":"16"},{"row":225,"row_count":1,"visible":true,"expansion_state":0,"options":{"engine":"r","label":"16b"},"document_id":"77A69DCD","chunk_id":"cjg3v9094vjja","chunk_label":"16b"},{"row":235,"row_count":1,"visible":true,"expansion_state":0,"options":{"engine":"r","label":"unnamed-chunk-2"},"document_id":"77A69DCD","chunk_id":"c4zbhekvvhpys","chunk_label":"17"},{"row":243,"row_count":1,"visible":true,"expansion_state":0,"options":{"engine":"r","label":"17b"},"document_id":"77A69DCD","chunk_id":"ca6qxpfyhmrj2","chunk_label":"17b"},{"row":258,"row_count":1,"visible":true,"expansion_state":0,"options":{"engine":"r","label":"18"},"document_id":"77A69DCD","chunk_id":"cu3hfwiinw9py","chunk_label":"18"},{"row":275,"row_count":1,"visible":true,"expansion_state":0,"options":{"engine":"r","label":"19"},"document_id":"77A69DCD","chunk_id":"cclptp2gzbwby","chunk_label":"19"},{"row":297,"row_count":1,"visible":true,"expansion_state":0,"options":{"engine":"r","label":"20"},"document_id":"77A69DCD","chunk_id":"cqara2g654s0v","chunk_label":"20"}],"doc_write_time":1663325692}