"0","k_valid <- function(formula, dataset, k){"
"0","  stopifnot(is_formula(formula))       # formula must be a formula"
"0","  stopifnot(is.data.frame(dataset))    # dataset must be data frame"
"0","  stopifnot(is.integer(as.integer(k))) # k must be an integer"
"0","  "
"0","  n_samples  <- nrow(dataset)"
"0","  select_vec <- rep(1:k, length.out = n_samples)"
"0","  data_split <- dataset %>% mutate(folds = sample(select_vec))"
"0","  "
"0","  mses <- rep(0, k)"
"0","  "
"0","  for (i in 1:k) {"
"0","    data_train <- data_split %>% filter(folds != i)"
"0","    data_valid <- data_split %>% filter(folds == i)"
"0","    model <- lm(formula = formula, data = data_train)"
"0","    "
"0","    # Extract the y column name from the formula"
"0","    y_column_name <- as.character(formula)[2]"
"0","    "
"0","    mses[i] <- mse(y_true = data_valid[[y_column_name]],"
"0","                   y_pred = predict(model, newdata = data_valid))"
"0","  }"
"0","  mean(mses)"
"0","}"
