{"chunk_definitions":[{"row":27,"row_count":1,"visible":true,"expansion_state":0,"options":{"engine":"r","label":"unnamed-chunk-3"},"document_id":"8AE2CA64","chunk_id":"c1rihivjfj92g","chunk_label":"unnamed-chunk-1"},{"row":33,"row_count":1,"visible":true,"expansion_state":0,"options":{"engine":"r","label":"unnamed-chunk-56"},"document_id":"8AE2CA64","chunk_id":"cgo752t73e86b","chunk_label":"unnamed-chunk-2"},{"row":41,"row_count":1,"visible":true,"expansion_state":0,"options":{"engine":"r","label":"unnamed-chunk-57"},"document_id":"8AE2CA64","chunk_id":"clt2wows7q0yw","chunk_label":"unnamed-chunk-3"},{"row":49,"row_count":1,"visible":true,"expansion_state":0,"options":{"engine":"r","label":"unnamed-chunk-58"},"document_id":"8AE2CA64","chunk_id":"cp1z37ky1vp6n","chunk_label":"unnamed-chunk-4"},{"row":59,"row_count":1,"visible":true,"expansion_state":0,"options":{"engine":"r","label":"unnamed-chunk-59"},"document_id":"8AE2CA64","chunk_id":"co02q2r29qlqw","chunk_label":"unnamed-chunk-5"},{"row":67,"row_count":1,"visible":true,"expansion_state":0,"options":{"engine":"r","label":"unnamed-chunk-60"},"document_id":"8AE2CA64","chunk_id":"ceonpvk0mxsnh","chunk_label":"unnamed-chunk-6"},{"row":81,"row_count":1,"visible":true,"expansion_state":0,"options":{"engine":"r","label":"unnamed-chunk-61"},"document_id":"8AE2CA64","chunk_id":"c80txwuwvsb93","chunk_label":"unnamed-chunk-7"},{"row":90,"row_count":1,"visible":true,"expansion_state":0,"options":{"engine":"r","label":"unnamed-chunk-62"},"document_id":"8AE2CA64","chunk_id":"cz7xwv0opj4ft","chunk_label":"unnamed-chunk-8"},{"row":98,"row_count":1,"visible":true,"expansion_state":0,"options":{"engine":"r","label":"unnamed-chunk-63"},"document_id":"8AE2CA64","chunk_id":"cmjaq02gwq20n","chunk_label":"unnamed-chunk-9"},{"row":111,"row_count":1,"visible":true,"expansion_state":0,"options":{"engine":"r","label":"unnamed-chunk-64"},"document_id":"8AE2CA64","chunk_id":"ca8zb6mqf3gb8","chunk_label":"unnamed-chunk-10"},{"row":119,"row_count":1,"visible":true,"expansion_state":0,"options":{"engine":"r","label":"unnamed-chunk-65"},"document_id":"8AE2CA64","chunk_id":"c0et68f15iqas","chunk_label":"unnamed-chunk-11"},{"row":127,"row_count":1,"visible":true,"expansion_state":0,"options":{"engine":"r","label":"unnamed-chunk-66"},"document_id":"8AE2CA64","chunk_id":"c1iuwz3wcudan","chunk_label":"unnamed-chunk-12"},{"row":137,"row_count":1,"visible":true,"expansion_state":0,"options":{"engine":"r","label":"unnamed-chunk-67"},"document_id":"8AE2CA64","chunk_id":"cpgvwui4vbal7","chunk_label":"unnamed-chunk-13"},{"row":144,"row_count":1,"visible":true,"expansion_state":0,"options":{"engine":"r","label":"unnamed-chunk-68"},"document_id":"8AE2CA64","chunk_id":"c1u2psvqkhva5","chunk_label":"unnamed-chunk-14"},{"row":160,"row_count":1,"visible":true,"expansion_state":0,"options":{"engine":"r","label":"unnamed-chunk-77"},"document_id":"8AE2CA64","chunk_id":"chu717jf1kyah","chunk_label":"unnamed-chunk-15"},{"row":176,"row_count":1,"visible":true,"expansion_state":0,"options":{"engine":"r","label":"unnamed-chunk-79"},"document_id":"8AE2CA64","chunk_id":"cxsec4qgn8ay8","chunk_label":"unnamed-chunk-16"},{"row":187,"row_count":1,"visible":true,"expansion_state":0,"options":{"engine":"r","label":"unnamed-chunk-81"},"document_id":"8AE2CA64","chunk_id":"cyb6evjp3z8bx","chunk_label":"unnamed-chunk-17"},{"row":197,"row_count":1,"visible":true,"expansion_state":0,"options":{"engine":"r","label":"unnamed-chunk-82"},"document_id":"8AE2CA64","chunk_id":"cojyfe0lqtozg","chunk_label":"unnamed-chunk-18"},{"row":205,"row_count":1,"visible":true,"expansion_state":0,"options":{"engine":"r","label":"unnamed-chunk-83"},"document_id":"8AE2CA64","chunk_id":"c1gtgdgzkfrvb","chunk_label":"unnamed-chunk-19"},{"row":213,"row_count":1,"visible":true,"expansion_state":0,"options":{"engine":"r","label":"unnamed-chunk-84"},"document_id":"8AE2CA64","chunk_id":"cou7rm5ec3x1h","chunk_label":"unnamed-chunk-20"},{"row":221,"row_count":1,"visible":true,"expansion_state":0,"options":{"engine":"r","label":"unnamed-chunk-1"},"document_id":"8AE2CA64","chunk_id":"cop02ge2a05tm","chunk_label":"unnamed-chunk-21"},{"row":229,"row_count":1,"visible":true,"expansion_state":0,"options":{"engine":"r","label":"unnamed-chunk-4"},"document_id":"8AE2CA64","chunk_id":"cah6omfuqy9du","chunk_label":"unnamed-chunk-22"},{"row":239,"row_count":1,"visible":true,"expansion_state":0,"options":{"engine":"r","label":"unnamed-chunk-6"},"document_id":"8AE2CA64","chunk_id":"cbqa9z19k58kk","chunk_label":"unnamed-chunk-23"},{"row":257,"row_count":1,"visible":true,"expansion_state":0,"options":{"engine":"r","label":"unnamed-chunk-13"},"document_id":"8AE2CA64","chunk_id":"cn2aj38r0tcmh","chunk_label":"unnamed-chunk-25"},{"row":266,"row_count":1,"visible":true,"expansion_state":0,"options":{"engine":"r","label":"unnamed-chunk-15"},"document_id":"8AE2CA64","chunk_id":"c5g7nfzu6d8pg","chunk_label":"unnamed-chunk-26"},{"row":279,"row_count":1,"visible":true,"expansion_state":0,"options":{"engine":"r","label":"unnamed-chunk-21"},"document_id":"8AE2CA64","chunk_id":"cf9oc3acy00e6","chunk_label":"unnamed-chunk-27"},{"row":295,"row_count":1,"visible":true,"expansion_state":0,"options":{"engine":"r","label":"unnamed-chunk-25"},"document_id":"8AE2CA64","chunk_id":"c4ld1ufbh4vd2","chunk_label":"unnamed-chunk-28"},{"row":328,"row_count":1,"visible":true,"expansion_state":0,"options":{"engine":"r","label":"unnamed-chunk-30"},"document_id":"8AE2CA64","chunk_id":"cnxa3v16nrx3g","chunk_label":"unnamed-chunk-29"},{"row":337,"row_count":1,"visible":true,"expansion_state":0,"options":{"engine":"r","label":"unnamed-chunk-28"},"document_id":"8AE2CA64","chunk_id":"cfq33c6aoqpf9","chunk_label":"unnamed-chunk-30"},{"row":344,"row_count":1,"visible":true,"expansion_state":0,"options":{"engine":"r","label":"unnamed-chunk-32"},"document_id":"8AE2CA64","chunk_id":"cxylvdjqkd7fh","chunk_label":"unnamed-chunk-31"}],"doc_write_time":1664800326,"chunk_rendered_width":700}