{"chunk_definitions":[{"row":32,"row_count":1,"visible":true,"expansion_state":0,"options":{"engine":"r","label":"unnamed-chunk-8"},"document_id":"AC2C17A9","chunk_id":"ciybzkjdnpdz0","chunk_label":"unnamed-chunk-1"},{"row":45,"row_count":1,"visible":true,"expansion_state":0,"options":{"engine":"r","label":"unnamed-chunk-133"},"document_id":"AC2C17A9","chunk_id":"cdh5ux3k1l2fi","chunk_label":"unnamed-chunk-2"},{"row":55,"row_count":1,"visible":true,"expansion_state":0,"options":{"engine":"r","label":"unnamed-chunk-134"},"document_id":"AC2C17A9","chunk_id":"cpidoiiufr4v6","chunk_label":"unnamed-chunk-3"},{"row":78,"row_count":1,"visible":true,"expansion_state":0,"options":{"engine":"r","label":"unnamed-chunk-135"},"document_id":"AC2C17A9","chunk_id":"cegw73zohintg","chunk_label":"unnamed-chunk-4"},{"row":98,"row_count":1,"visible":true,"expansion_state":0,"options":{"engine":"r","label":"unnamed-chunk-136"},"document_id":"AC2C17A9","chunk_id":"cnw5yf2k1ud4v","chunk_label":"unnamed-chunk-5"},{"row":113,"row_count":1,"visible":true,"expansion_state":0,"options":{"engine":"r","label":"unnamed-chunk-137"},"document_id":"AC2C17A9","chunk_id":"cc1dpqfhku972","chunk_label":"unnamed-chunk-6"},{"row":124,"row_count":1,"visible":true,"expansion_state":0,"options":{"engine":"r","label":"unnamed-chunk-138"},"document_id":"AC2C17A9","chunk_id":"c0lx40y6fa262","chunk_label":"unnamed-chunk-7"},{"row":128,"row_count":1,"visible":true,"expansion_state":0,"options":{"engine":"r","label":"unnamed-chunk-139"},"document_id":"AC2C17A9","chunk_id":"cy7ngbp1li98c","chunk_label":"unnamed-chunk-8"},{"row":151,"row_count":1,"visible":true,"expansion_state":0,"options":{"engine":"r","label":"unnamed-chunk-140"},"document_id":"AC2C17A9","chunk_id":"c9p7g03nfjj1w","chunk_label":"unnamed-chunk-9"},{"row":160,"row_count":1,"visible":true,"expansion_state":0,"options":{"engine":"r","label":"unnamed-chunk-141"},"document_id":"AC2C17A9","chunk_id":"cosleu1ztdz0c","chunk_label":"unnamed-chunk-10"},{"row":174,"row_count":1,"visible":true,"expansion_state":0,"options":{"engine":"r","label":"unnamed-chunk-147"},"document_id":"AC2C17A9","chunk_id":"c6dkuo1xtsv93","chunk_label":"unnamed-chunk-11"},{"row":185,"row_count":1,"visible":true,"expansion_state":0,"options":{"engine":"r","label":"unnamed-chunk-154"},"document_id":"AC2C17A9","chunk_id":"c2q2rk7keygmv","chunk_label":"unnamed-chunk-12"},{"row":189,"row_count":1,"visible":true,"expansion_state":0,"options":{"engine":"r","label":"unnamed-chunk-155"},"document_id":"AC2C17A9","chunk_id":"cktvwnskq6t3f","chunk_label":"unnamed-chunk-13"},{"row":199,"row_count":1,"visible":true,"expansion_state":0,"options":{"engine":"r","label":"unnamed-chunk-158"},"document_id":"AC2C17A9","chunk_id":"cwccthwagbcg4","chunk_label":"unnamed-chunk-14"},{"row":202,"row_count":1,"visible":true,"expansion_state":0,"options":{"engine":"r","label":"unnamed-chunk-159"},"document_id":"AC2C17A9","chunk_id":"c1ae21uzlcvms","chunk_label":"unnamed-chunk-15"},{"row":214,"row_count":1,"visible":true,"expansion_state":0,"options":{"engine":"r","label":"unnamed-chunk-160"},"document_id":"AC2C17A9","chunk_id":"c85xmjkjg2p81","chunk_label":"unnamed-chunk-16"},{"row":239,"row_count":1,"visible":true,"expansion_state":0,"options":{"engine":"r","label":"unnamed-chunk-164"},"document_id":"AC2C17A9","chunk_id":"czeayepd1ovhy","chunk_label":"unnamed-chunk-17"},{"row":243,"row_count":1,"visible":true,"expansion_state":0,"options":{"engine":"r","label":"unnamed-chunk-170"},"document_id":"AC2C17A9","chunk_id":"ckve6c4trdk5g","chunk_label":"unnamed-chunk-18"},{"row":261,"row_count":1,"visible":true,"expansion_state":0,"options":{"engine":"r","label":"unnamed-chunk-171"},"document_id":"AC2C17A9","chunk_id":"ckgwabmp3ieaj","chunk_label":"unnamed-chunk-20"},{"row":269,"row_count":1,"visible":true,"expansion_state":0,"options":{"engine":"r","label":"unnamed-chunk-172"},"document_id":"AC2C17A9","chunk_id":"cwaq52n0k1brw","chunk_label":"unnamed-chunk-21"},{"row":277,"row_count":1,"visible":true,"expansion_state":0,"options":{"engine":"r","label":"unnamed-chunk-174"},"document_id":"AC2C17A9","chunk_id":"cot1dz3zdeyo9","chunk_label":"unnamed-chunk-22"},{"row":288,"row_count":1,"visible":true,"expansion_state":0,"options":{"engine":"r","label":"unnamed-chunk-181"},"document_id":"AC2C17A9","chunk_id":"cu3a4hkjrytd7","chunk_label":"unnamed-chunk-23"},{"row":292,"row_count":1,"visible":true,"expansion_state":0,"options":{"engine":"r","label":"unnamed-chunk-183"},"document_id":"AC2C17A9","chunk_id":"cm6mlkwv4tj98","chunk_label":"unnamed-chunk-24"},{"row":303,"row_count":1,"visible":true,"expansion_state":0,"options":{"engine":"r","label":"unnamed-chunk-185"},"document_id":"AC2C17A9","chunk_id":"cnrpzthryxov6","chunk_label":"unnamed-chunk-25"},{"row":321,"row_count":1,"visible":true,"expansion_state":0,"options":{"engine":"r","label":"unnamed-chunk-192"},"document_id":"AC2C17A9","chunk_id":"c28ma8wm3to62","chunk_label":"unnamed-chunk-26"},{"row":332,"row_count":1,"visible":true,"expansion_state":0,"options":{"engine":"r","label":"unnamed-chunk-193"},"document_id":"AC2C17A9","chunk_id":"c1l06uxbmzkyq","chunk_label":"unnamed-chunk-27"},{"row":349,"row_count":1,"visible":true,"expansion_state":0,"options":{"engine":"r","label":"unnamed-chunk-200"},"document_id":"AC2C17A9","chunk_id":"cwyzux2thur1f","chunk_label":"unnamed-chunk-28"},{"row":353,"row_count":1,"visible":true,"expansion_state":0,"options":{"engine":"r","label":"unnamed-chunk-201"},"document_id":"AC2C17A9","chunk_id":"cuq98zxmfu6qp","chunk_label":"unnamed-chunk-29"},{"row":356,"row_count":1,"visible":true,"expansion_state":0,"options":{"engine":"r","label":"unnamed-chunk-202"},"document_id":"AC2C17A9","chunk_id":"cyj5gm7mre4r0","chunk_label":"unnamed-chunk-30"}],"doc_write_time":1666175363,"chunk_rendered_width":700}