"0","titanic <- read.csv(""titanic.csv"")"
"0","titanic <- mutate(titanic, Survived = as.factor(Survived), Sex = as.factor(Sex), PClass = as.factor(PClass))"
"0","titanic <- mutate(titanic, Sex = ifelse (Sex==""male"", 1, 0))"
"0","titanic <- mutate(titanic, PClass = case_when(titanic$PClass == ""1st"" ~ 1,"
"0","                                              titanic$PClass == ""2nd"" ~ 2,"
"0","                                              titanic$PClass == ""3rd"" ~ 3))"
"0",""
"0","head(titanic)"
