"0",""
"0","boys %>%"
"0","  mutate(Age = cut(age, 0:22, labels = paste0(0:21, "" years"")),"
"0","         Height = hgt - mean(hgt, na.rm = TRUE)) %>%"
"0","  group_by(Age) %>%"
"0","  summarize(Height = mean(Height, na.rm = TRUE)) %>%"
"0","  mutate(color = ifelse(Height > 0, ""Above average"", ""Below average"")) %>%"
"0","  ggplot(aes(x = Height, y = Age, fill = color)) +"
"0","  geom_bar(stat = ""identity"") +"
"0","  scale_fill_brewer(palette = ""Set1"") +"
"0","  theme_minimal() +"
"0","  theme(legend.title = element_blank())"
