"0",""
"0","fit1$residuals"
"1","          1 "
"1","          2 "
"1","          3 "
"1","          4 "
"1","          5 "
"1","          6 "
"1","          7 "
"1","
"
"1"," -0.1428571 "
"1","-18.7142857 "
"1"," -7.2857143 "
"1"," -1.4285714 "
"1","  8.0000000 "
"1"," -6.8571429 "
"1"," 26.4285714 "
"1","
"
"0","pred <- predict(fit1, newdata = elastic2)"
"0",""
"0","pred_dat <- "
"0","  data.frame(distance = pred, "
"0","             stretch  = elastic2$stretch) %>%"
"0","  bind_rows(Predicted = .,"
"0","            Observed  = elastic2, "
"0","            .id = ""Predicted"")"
"0",""
"0","pred_dat %>%"
"0","  ggplot(aes(stretch, distance, col = Predicted)) +"
"0","  geom_point() + "
"0","  geom_smooth(method = ""lm"") +"
"0","  scale_color_brewer(palette = ""Set1"") +"
"0","  theme_minimal() +"
"0","  labs(title = ""Predicted and observed distances"")"
