"0","data <- read_csv(""data-3/cardiovascular_treatment.csv"")"
"2","[1mRows: [22m[34m253[39m [1mColumns: [22m[34m7[39m"
"2","[36m──[39m [1mColumn specification[22m [36m───────────────────────────────────────────────────────────────────────────[39m
[1mDelimiter:[22m "",""
[31mchr[39m (2): severity, gender
[32mdbl[39m (5): age, bb_score, prior_cvd, dose, response"
"2","
[36mℹ[39m Use `spec()` to retrieve the full column specification for this data.
[36mℹ[39m Specify the column types or set `show_col_types = FALSE` to quiet this message."
"0","data <- mutate(data, severity = as.factor(severity),"
"0","                gender = as.factor(gender),"
"0","                dose = as.factor(dose),"
"0","                response = as.factor(response))"
"0","head(data)"
