"0","pred_dat <- "
"0","  data.frame(distance = pred, "
"0","             stretch  = elastic2$stretch) %>%"
"0","  bind_rows(Predicted = .,"
"0","            Observed  = elastic2, "
"0","            .id = ""Predicted"")"
"0",""
"0","pred_dat %>%"
"0","  ggplot(aes(stretch, distance, col = Predicted)) +"
"0","  geom_point() + "
"0","  geom_smooth(method = ""lm"") +"
"0","  scale_color_brewer(palette = ""Set1"") +"
"0","  theme_minimal() +"
"0","  labs(title = ""Predicted and observed distances"")"
