"0",""
"0","y_pred_95 <- predict(lm_ses, newdata = pred_dat, interval = ""prediction"")"
"0",""
"0",""
"0","# create the df"
"0","gg_pred <- tibble("
"0","  lstat = pred_dat$lstat,"
"0","  medv  = y_pred_95[, 1],"
"0","  l95   = y_pred_95[, 2],"
"0","  u95   = y_pred_95[, 3]"
"0",")"
"0",""
"0","# Create the plot"
"0","Boston %>% "
"0","  ggplot(aes(x = lstat, y = medv)) + "
"0","  geom_ribbon(aes(ymin = l95, ymax = u95), data = gg_pred, fill = ""#00008b44"") +"
"0","  geom_point(colour = ""#883321"") + "
"0","  geom_line(data = pred_dat, colour = ""#00008b"", size = 1) +"
"0","  theme_minimal() + "
"0","  labs(x     = ""Proportion of low SES households"","
"0","       y     = ""Median house value"","
"0","       title = ""Boston house prices"")"
