{"chunk_definitions":[{"row":9,"row_count":1,"visible":true,"expansion_state":0,"options":{"engine":"r","label":"setup","include":false},"document_id":"B6904C95","chunk_id":"csetup_chunk","chunk_label":"setup"},{"row":17,"row_count":1,"visible":true,"expansion_state":0,"options":{"engine":"r","results":"hide","label":"unnamed-chunk-4"},"document_id":"B6904C95","chunk_id":"cwh7709c1ad0f","chunk_label":"unnamed-chunk-1"},{"row":158,"row_count":1,"visible":true,"expansion_state":0,"options":{"engine":"r","label":"unnamed-chunk-5"},"document_id":"B6904C95","chunk_id":"c0tvz6in9xjrd","chunk_label":"unnamed-chunk-2"}],"doc_write_time":1668172576,"working_dir":null,"default_chunk_options":{"echo":true}}