{"chunk_definitions":[{"row":9,"row_count":1,"visible":true,"expansion_state":0,"options":{"engine":"r","label":"setup","include":false},"document_id":"85F62B18","chunk_id":"csetup_chunk","chunk_label":"setup"},{"row":18,"row_count":1,"visible":true,"expansion_state":0,"options":{"engine":"r","results":"hide","label":"unnamed-chunk-4"},"document_id":"85F62B18","chunk_id":"cfg9p8maw3u98","chunk_label":"unnamed-chunk-1"},{"row":151,"row_count":1,"visible":true,"expansion_state":0,"options":{"engine":"r","label":"unnamed-chunk-6"},"document_id":"85F62B18","chunk_id":"cnvoqgaode4cv","chunk_label":"unnamed-chunk-3"}],"doc_write_time":1668176176,"working_dir":null,"default_chunk_options":{"echo":true}}