{"chunk_definitions":[{"row":29,"row_count":1,"visible":true,"expansion_state":0,"options":{"engine":"r","label":"unnamed-chunk-102"},"document_id":"C7175F3A","chunk_id":"ca1rvqjazwpha","chunk_label":"unnamed-chunk-1"},{"row":33,"row_count":1,"visible":true,"expansion_state":0,"options":{"engine":"r","label":"unnamed-chunk-103"},"document_id":"C7175F3A","chunk_id":"c1rjzk7gn8qcp","chunk_label":"unnamed-chunk-2"},{"row":42,"row_count":1,"visible":true,"expansion_state":0,"options":{"engine":"r","label":"unnamed-chunk-104"},"document_id":"C7175F3A","chunk_id":"cog1xv8bh502i","chunk_label":"unnamed-chunk-3"},{"row":48,"row_count":1,"visible":true,"expansion_state":0,"options":{"engine":"r","label":"unnamed-chunk-105"},"document_id":"C7175F3A","chunk_id":"c9m37sibge4by","chunk_label":"unnamed-chunk-4"},{"row":60,"row_count":1,"visible":true,"expansion_state":0,"options":{"engine":"r","label":"unnamed-chunk-106"},"document_id":"C7175F3A","chunk_id":"c6ghnig17fei7","chunk_label":"unnamed-chunk-5"},{"row":70,"row_count":1,"visible":true,"expansion_state":0,"options":{"engine":"r","label":"unnamed-chunk-107"},"document_id":"C7175F3A","chunk_id":"ctb8w9meredyc","chunk_label":"unnamed-chunk-6"},{"row":76,"row_count":1,"visible":true,"expansion_state":0,"options":{"engine":"r","label":"unnamed-chunk-108"},"document_id":"C7175F3A","chunk_id":"cr9co29dp8f6i","chunk_label":"unnamed-chunk-7"},{"row":89,"row_count":1,"visible":true,"expansion_state":0,"options":{"engine":"r","label":"unnamed-chunk-109"},"document_id":"C7175F3A","chunk_id":"crpwxy1038toc","chunk_label":"unnamed-chunk-8"},{"row":102,"row_count":1,"visible":true,"expansion_state":0,"options":{"engine":"r","label":"unnamed-chunk-110"},"document_id":"C7175F3A","chunk_id":"cd7suadd7j96b","chunk_label":"unnamed-chunk-9"},{"row":109,"row_count":1,"visible":true,"expansion_state":0,"options":{"engine":"r","label":"unnamed-chunk-111"},"document_id":"C7175F3A","chunk_id":"clzg0naxiugcl","chunk_label":"unnamed-chunk-10"},{"row":123,"row_count":1,"visible":true,"expansion_state":0,"options":{"engine":"r","label":"unnamed-chunk-112"},"document_id":"C7175F3A","chunk_id":"c6vfnhmc1o8lp","chunk_label":"unnamed-chunk-11"},{"row":132,"row_count":1,"visible":true,"expansion_state":0,"options":{"engine":"r","label":"unnamed-chunk-113"},"document_id":"C7175F3A","chunk_id":"c08fo96ray08i","chunk_label":"unnamed-chunk-12"},{"row":139,"row_count":1,"visible":true,"expansion_state":0,"options":{"engine":"r","label":"unnamed-chunk-114"},"document_id":"C7175F3A","chunk_id":"cyffgazqytvly","chunk_label":"unnamed-chunk-13"},{"row":149,"row_count":1,"visible":true,"expansion_state":0,"options":{"engine":"r","label":"unnamed-chunk-115"},"document_id":"C7175F3A","chunk_id":"c59ea19a31oxb","chunk_label":"unnamed-chunk-14"},{"row":158,"row_count":1,"visible":true,"expansion_state":0,"options":{"engine":"r","label":"unnamed-chunk-116"},"document_id":"C7175F3A","chunk_id":"cpgi5zjr6j3u1","chunk_label":"unnamed-chunk-15"},{"row":166,"row_count":1,"visible":true,"expansion_state":0,"options":{"engine":"r","label":"unnamed-chunk-117"},"document_id":"C7175F3A","chunk_id":"ctmc7d4evzm27","chunk_label":"unnamed-chunk-16"},{"row":177,"row_count":1,"visible":true,"expansion_state":0,"options":{"engine":"r","label":"unnamed-chunk-118"},"document_id":"C7175F3A","chunk_id":"cqiz2r0uoejdm","chunk_label":"unnamed-chunk-17"},{"row":191,"row_count":1,"visible":true,"expansion_state":0,"options":{"engine":"r","label":"unnamed-chunk-119"},"document_id":"C7175F3A","chunk_id":"cm94wtij6g26q","chunk_label":"unnamed-chunk-18"},{"row":202,"row_count":1,"visible":true,"expansion_state":0,"options":{"engine":"r","label":"unnamed-chunk-120"},"document_id":"C7175F3A","chunk_id":"cz2cummam2ypy","chunk_label":"unnamed-chunk-19"},{"row":209,"row_count":1,"visible":true,"expansion_state":0,"options":{"engine":"r","label":"unnamed-chunk-121"},"document_id":"C7175F3A","chunk_id":"cbekxdasquvy3","chunk_label":"unnamed-chunk-20"},{"row":223,"row_count":1,"visible":true,"expansion_state":0,"options":{"engine":"r","label":"unnamed-chunk-122"},"document_id":"C7175F3A","chunk_id":"capf4z1vfw0ur","chunk_label":"unnamed-chunk-21"},{"row":236,"row_count":1,"visible":true,"expansion_state":0,"options":{"engine":"r","label":"unnamed-chunk-123"},"document_id":"C7175F3A","chunk_id":"c93zgzq1ovn6r","chunk_label":"unnamed-chunk-22"},{"row":247,"row_count":1,"visible":true,"expansion_state":0,"options":{"engine":"r","label":"unnamed-chunk-124"},"document_id":"C7175F3A","chunk_id":"covflonjl1gda","chunk_label":"unnamed-chunk-23"},{"row":257,"row_count":1,"visible":true,"expansion_state":0,"options":{"engine":"r","label":"unnamed-chunk-125"},"document_id":"C7175F3A","chunk_id":"cscydq16i4xt3","chunk_label":"unnamed-chunk-24"},{"row":265,"row_count":1,"visible":true,"expansion_state":0,"options":{"engine":"r","label":"unnamed-chunk-126"},"document_id":"C7175F3A","chunk_id":"cgnrwax9xf1aj","chunk_label":"unnamed-chunk-25"},{"row":276,"row_count":1,"visible":true,"expansion_state":0,"options":{"engine":"r","label":"unnamed-chunk-127"},"document_id":"C7175F3A","chunk_id":"c4rfs97zdsye4","chunk_label":"unnamed-chunk-26"},{"row":293,"row_count":1,"visible":true,"expansion_state":0,"options":{"engine":"r","label":"unnamed-chunk-128"},"document_id":"C7175F3A","chunk_id":"c8d3ivz0s6znb","chunk_label":"unnamed-chunk-27"},{"row":300,"row_count":1,"visible":true,"expansion_state":0,"options":{"engine":"r","label":"unnamed-chunk-129"},"document_id":"C7175F3A","chunk_id":"ch5p1lap72kxy","chunk_label":"unnamed-chunk-28"},{"row":307,"row_count":1,"visible":true,"expansion_state":0,"options":{"engine":"r","label":"unnamed-chunk-131"},"document_id":"C7175F3A","chunk_id":"c17xgtxkq7yqx","chunk_label":"unnamed-chunk-29"}],"doc_write_time":1665997443}