{"chunk_definitions":[{"row":28,"row_count":1,"visible":true,"expansion_state":0,"options":{"engine":"r","label":"import"},"document_id":"F6D219C8","chunk_id":"cq2s59l2whscq","chunk_label":"import"},{"row":32,"row_count":1,"visible":true,"expansion_state":0,"options":{"engine":"r","label":"unnamed-chunk-1"},"document_id":"F6D219C8","chunk_id":"c2kcacb6ro09p","chunk_label":"unnamed-chunk-1"},{"row":36,"row_count":1,"visible":true,"expansion_state":0,"options":{"engine":"r","label":"unnamed-chunk-2"},"document_id":"F6D219C8","chunk_id":"cffkrwp66zifk","chunk_label":"unnamed-chunk-2"},{"row":48,"row_count":1,"visible":true,"expansion_state":0,"options":{"engine":"r","label":"unnamed-chunk-8"},"document_id":"F6D219C8","chunk_id":"cajsscci4rzks","chunk_label":"unnamed-chunk-3"},{"row":59,"row_count":1,"visible":true,"expansion_state":0,"options":{"engine":"r","label":"unnamed-chunk-11"},"document_id":"F6D219C8","chunk_id":"c0fwdzpg0s9r8","chunk_label":"unnamed-chunk-4"},{"row":63,"row_count":1,"visible":true,"expansion_state":0,"options":{"engine":"r","label":"unnamed-chunk-12"},"document_id":"F6D219C8","chunk_id":"c40o6onm4mnw2","chunk_label":"unnamed-chunk-5"},{"row":74,"row_count":1,"visible":true,"expansion_state":0,"options":{"engine":"r","label":"unnamed-chunk-13"},"document_id":"F6D219C8","chunk_id":"c7zjzjplv41la","chunk_label":"unnamed-chunk-6"},{"row":85,"row_count":1,"visible":true,"expansion_state":0,"options":{"engine":"r","label":"unnamed-chunk-19"},"document_id":"F6D219C8","chunk_id":"cpwwthiotimnu","chunk_label":"unnamed-chunk-7"},{"row":90,"row_count":1,"visible":true,"expansion_state":0,"options":{"engine":"r","label":"unnamed-chunk-21"},"document_id":"F6D219C8","chunk_id":"c97kj0j2v4ekc","chunk_label":"unnamed-chunk-8"},{"row":95,"row_count":1,"visible":true,"expansion_state":0,"options":{"engine":"r","label":"unnamed-chunk-22"},"document_id":"F6D219C8","chunk_id":"cjvdat89zhcfz","chunk_label":"unnamed-chunk-9"},{"row":108,"row_count":1,"visible":true,"expansion_state":0,"options":{"engine":"r","label":"unnamed-chunk-24"},"document_id":"F6D219C8","chunk_id":"cj35m0up4xiw6","chunk_label":"unnamed-chunk-10"},{"row":120,"row_count":1,"visible":true,"expansion_state":0,"options":{"engine":"r","label":"unnamed-chunk-26"},"document_id":"F6D219C8","chunk_id":"cxjtlb2dm0bxf","chunk_label":"unnamed-chunk-11"},{"row":132,"row_count":1,"visible":true,"expansion_state":0,"options":{"engine":"r","label":"unnamed-chunk-27"},"document_id":"F6D219C8","chunk_id":"coihxdj5npv5v","chunk_label":"unnamed-chunk-12"},{"row":144,"row_count":1,"visible":true,"expansion_state":0,"options":{"engine":"r","label":"unnamed-chunk-29"},"document_id":"F6D219C8","chunk_id":"c6xb3lzwoh6tv","chunk_label":"unnamed-chunk-13"},{"row":156,"row_count":1,"visible":true,"expansion_state":0,"options":{"engine":"r","label":"unnamed-chunk-32"},"document_id":"F6D219C8","chunk_id":"csy42nl56kxhl","chunk_label":"unnamed-chunk-14"},{"row":175,"row_count":1,"visible":true,"expansion_state":0,"options":{"engine":"r","label":"unnamed-chunk-35"},"document_id":"F6D219C8","chunk_id":"cz9x4p8dyfw9w","chunk_label":"unnamed-chunk-15"},{"row":184,"row_count":1,"visible":true,"expansion_state":0,"options":{"engine":"r","label":"unnamed-chunk-40"},"document_id":"F6D219C8","chunk_id":"cs1t889b9jq0v","chunk_label":"unnamed-chunk-16"},{"row":195,"row_count":1,"visible":true,"expansion_state":0,"options":{"engine":"r","label":"unnamed-chunk-41"},"document_id":"F6D219C8","chunk_id":"castioqzml4sj","chunk_label":"unnamed-chunk-17"},{"row":209,"row_count":1,"visible":true,"expansion_state":0,"options":{"engine":"r","label":"unnamed-chunk-42"},"document_id":"F6D219C8","chunk_id":"c6twh48g7j5my","chunk_label":"unnamed-chunk-18"},{"row":218,"row_count":1,"visible":true,"expansion_state":0,"options":{"engine":"r","label":"unnamed-chunk-44"},"document_id":"F6D219C8","chunk_id":"chruacv9aglnm","chunk_label":"unnamed-chunk-19"},{"row":227,"row_count":1,"visible":true,"expansion_state":0,"options":{"engine":"r","label":"unnamed-chunk-47"},"document_id":"F6D219C8","chunk_id":"c9flyuzn885bf","chunk_label":"unnamed-chunk-20"},{"row":231,"row_count":1,"visible":true,"expansion_state":0,"options":{"engine":"r","label":"unnamed-chunk-48"},"document_id":"F6D219C8","chunk_id":"c27uuq8wv1qm9","chunk_label":"unnamed-chunk-21"},{"row":234,"row_count":1,"visible":true,"expansion_state":0,"options":{"engine":"r","label":"unnamed-chunk-49"},"document_id":"F6D219C8","chunk_id":"c5sb8txkb0ap7","chunk_label":"unnamed-chunk-22"},{"row":237,"row_count":1,"visible":true,"expansion_state":0,"options":{"engine":"r","label":"unnamed-chunk-50"},"document_id":"F6D219C8","chunk_id":"cgkjfgwa6gi6r","chunk_label":"unnamed-chunk-23"},{"row":240,"row_count":1,"visible":true,"expansion_state":0,"options":{"engine":"r","label":"unnamed-chunk-52"},"document_id":"F6D219C8","chunk_id":"c5l686ou4cmjd","chunk_label":"unnamed-chunk-24"},{"row":244,"row_count":1,"visible":true,"expansion_state":0,"options":{"engine":"r","label":"unnamed-chunk-53"},"document_id":"F6D219C8","chunk_id":"c1gdlese46i0p","chunk_label":"unnamed-chunk-25"},{"row":252,"row_count":1,"visible":true,"expansion_state":0,"options":{"engine":"r","label":"unnamed-chunk-54"},"document_id":"F6D219C8","chunk_id":"cmfnthk3p082j","chunk_label":"unnamed-chunk-26"},{"row":256,"row_count":1,"visible":true,"expansion_state":0,"options":{"engine":"r","label":"unnamed-chunk-55"},"document_id":"F6D219C8","chunk_id":"cqg2vu8rqkato","chunk_label":"unnamed-chunk-27"},{"row":264,"row_count":1,"visible":true,"expansion_state":0,"options":{"engine":"r","label":"unnamed-chunk-56"},"document_id":"F6D219C8","chunk_id":"cvt5ivuukv46v","chunk_label":"unnamed-chunk-28"},{"row":285,"row_count":1,"visible":true,"expansion_state":0,"options":{"engine":"r","label":"unnamed-chunk-57"},"document_id":"F6D219C8","chunk_id":"cvqzozfn53n6b","chunk_label":"unnamed-chunk-29"}],"doc_write_time":1664307285,"chunk_rendered_width":400}