{"chunk_definitions":[{"row":28,"row_count":1,"visible":true,"expansion_state":0,"options":{"engine":"r","label":"import"},"document_id":"806D0F15","chunk_id":"c5hfzt4qdwc5s","chunk_label":"import"},{"row":32,"row_count":1,"visible":true,"expansion_state":0,"options":{},"document_id":"806D0F15","chunk_id":"c3itqo5tk4v6b","chunk_label":"unnamed-chunk-1"},{"row":36,"row_count":1,"visible":true,"expansion_state":0,"options":{},"document_id":"806D0F15","chunk_id":"cts3yq7ojwarv","chunk_label":"unnamed-chunk-2"},{"row":48,"row_count":1,"visible":true,"expansion_state":0,"options":{},"document_id":"806D0F15","chunk_id":"ca5kwqc9s4nwh","chunk_label":"unnamed-chunk-3"},{"row":59,"row_count":1,"visible":true,"expansion_state":0,"options":{},"document_id":"806D0F15","chunk_id":"cwah1fjkfbep7","chunk_label":"unnamed-chunk-4"},{"row":63,"row_count":1,"visible":true,"expansion_state":0,"options":{},"document_id":"806D0F15","chunk_id":"cqtpsp9ru8sb2","chunk_label":"unnamed-chunk-5"},{"row":74,"row_count":1,"visible":true,"expansion_state":0,"options":{},"document_id":"806D0F15","chunk_id":"cov0vuunw42sq","chunk_label":"unnamed-chunk-6"},{"row":85,"row_count":1,"visible":true,"expansion_state":0,"options":{},"document_id":"806D0F15","chunk_id":"ck9x616pmn43y","chunk_label":"unnamed-chunk-7"},{"row":90,"row_count":1,"visible":true,"expansion_state":0,"options":{},"document_id":"806D0F15","chunk_id":"c9mc3o1v4h6m5","chunk_label":"unnamed-chunk-8"},{"row":95,"row_count":1,"visible":true,"expansion_state":0,"options":{},"document_id":"806D0F15","chunk_id":"ct9k3tga4ormk","chunk_label":"unnamed-chunk-9"},{"row":108,"row_count":1,"visible":true,"expansion_state":0,"options":{},"document_id":"806D0F15","chunk_id":"c22tzrmo1rvyt","chunk_label":"unnamed-chunk-10"},{"row":120,"row_count":1,"visible":true,"expansion_state":0,"options":{},"document_id":"806D0F15","chunk_id":"c7pn3ac5m0txo","chunk_label":"unnamed-chunk-11"},{"row":132,"row_count":1,"visible":true,"expansion_state":0,"options":{},"document_id":"806D0F15","chunk_id":"c09wc21wgz262","chunk_label":"unnamed-chunk-12"},{"row":144,"row_count":1,"visible":true,"expansion_state":0,"options":{},"document_id":"806D0F15","chunk_id":"c4q27hn77p2xc","chunk_label":"unnamed-chunk-13"},{"row":156,"row_count":1,"visible":true,"expansion_state":0,"options":{},"document_id":"806D0F15","chunk_id":"c2qhxywf7z4v0","chunk_label":"unnamed-chunk-14"},{"row":175,"row_count":1,"visible":true,"expansion_state":0,"options":{},"document_id":"806D0F15","chunk_id":"ce71aw0yehsqt","chunk_label":"unnamed-chunk-15"},{"row":184,"row_count":1,"visible":true,"expansion_state":0,"options":{},"document_id":"806D0F15","chunk_id":"cqg4wa3bvta72","chunk_label":"unnamed-chunk-16"},{"row":195,"row_count":1,"visible":true,"expansion_state":0,"options":{},"document_id":"806D0F15","chunk_id":"cfnr0tn65393q","chunk_label":"unnamed-chunk-17"},{"row":209,"row_count":1,"visible":true,"expansion_state":0,"options":{},"document_id":"806D0F15","chunk_id":"c9bhhl02g5b9a","chunk_label":"unnamed-chunk-18"},{"row":218,"row_count":1,"visible":true,"expansion_state":0,"options":{},"document_id":"806D0F15","chunk_id":"cimk23fnuytuz","chunk_label":"unnamed-chunk-19"},{"row":227,"row_count":1,"visible":true,"expansion_state":0,"options":{},"document_id":"806D0F15","chunk_id":"cbj7s3ht67kge","chunk_label":"unnamed-chunk-20"},{"row":231,"row_count":1,"visible":true,"expansion_state":0,"options":{},"document_id":"806D0F15","chunk_id":"c75e1qcby8x4d","chunk_label":"unnamed-chunk-21"},{"row":234,"row_count":1,"visible":true,"expansion_state":0,"options":{},"document_id":"806D0F15","chunk_id":"ck1n6exgf4a4v","chunk_label":"unnamed-chunk-22"},{"row":237,"row_count":1,"visible":true,"expansion_state":0,"options":{},"document_id":"806D0F15","chunk_id":"c59cwc7nd5psm","chunk_label":"unnamed-chunk-23"},{"row":240,"row_count":1,"visible":true,"expansion_state":0,"options":{},"document_id":"806D0F15","chunk_id":"cb2gx108lwwh0","chunk_label":"unnamed-chunk-24"},{"row":244,"row_count":1,"visible":true,"expansion_state":0,"options":{},"document_id":"806D0F15","chunk_id":"cn2o315bd6lbj","chunk_label":"unnamed-chunk-25"},{"row":252,"row_count":1,"visible":true,"expansion_state":0,"options":{},"document_id":"806D0F15","chunk_id":"cc2h1ixi6cyan","chunk_label":"unnamed-chunk-26"},{"row":256,"row_count":1,"visible":true,"expansion_state":0,"options":{},"document_id":"806D0F15","chunk_id":"csto4y6c57diq","chunk_label":"unnamed-chunk-27"},{"row":264,"row_count":1,"visible":true,"expansion_state":0,"options":{},"document_id":"806D0F15","chunk_id":"cqa6wbwr9h07u","chunk_label":"unnamed-chunk-28"},{"row":285,"row_count":1,"visible":true,"expansion_state":0,"options":{},"document_id":"806D0F15","chunk_id":"c1mlywlbm9dki","chunk_label":"unnamed-chunk-29"}],"doc_write_time":1664311822}