{"chunk_definitions":[{"row":9,"row_count":1,"visible":true,"expansion_state":0,"options":{"engine":"r","label":"setup","include":false},"document_id":"B2BAC461","chunk_id":"csetup_chunk","chunk_label":"setup"},{"row":60,"row_count":1,"visible":true,"expansion_state":0,"options":{"engine":"r","label":"unnamed-chunk-20"},"document_id":"B2BAC461","chunk_id":"cke2boyyk5tv8","chunk_label":"unnamed-chunk-3"},{"row":82,"row_count":1,"visible":true,"expansion_state":0,"options":{"engine":"r","label":"unnamed-chunk-28"},"document_id":"B2BAC461","chunk_id":"c72lcihyz8tzs","chunk_label":"unnamed-chunk-4"},{"row":118,"row_count":1,"visible":true,"expansion_state":0,"options":{"engine":"r","label":"unnamed-chunk-13"},"document_id":"B2BAC461","chunk_id":"c68wksjvr553c","chunk_label":"unnamed-chunk-6"},{"row":149,"row_count":1,"visible":true,"expansion_state":0,"options":{"engine":"r","label":"unnamed-chunk-25"},"document_id":"B2BAC461","chunk_id":"cis95v430mm12","chunk_label":"unnamed-chunk-8"},{"row":177,"row_count":1,"visible":true,"expansion_state":0,"options":{"engine":"r","label":"unnamed-chunk-33"},"document_id":"B2BAC461","chunk_id":"ch458ubta3725","chunk_label":"unnamed-chunk-9"},{"row":185,"row_count":1,"visible":true,"expansion_state":0,"options":{"engine":"r","label":"unnamed-chunk-34"},"document_id":"B2BAC461","chunk_id":"ctlp0gm7r93gu","chunk_label":"unnamed-chunk-10"},{"row":195,"row_count":1,"visible":true,"expansion_state":0,"options":{"engine":"r","label":"unnamed-chunk-35"},"document_id":"B2BAC461","chunk_id":"c8yvi3byiktsa","chunk_label":"unnamed-chunk-11"},{"row":209,"row_count":1,"visible":true,"expansion_state":0,"options":{"engine":"r","label":"unnamed-chunk-42"},"document_id":"B2BAC461","chunk_id":"cxle863mqn0im","chunk_label":"unnamed-chunk-12"},{"row":233,"row_count":1,"visible":true,"expansion_state":0,"options":{"engine":"r","label":"unnamed-chunk-49"},"document_id":"B2BAC461","chunk_id":"c6x95mpgepvrw","chunk_label":"unnamed-chunk-13"}],"doc_write_time":1667239588,"working_dir":null,"default_chunk_options":{"echo":true},"chunk_rendered_width":676}