"0",""
"0",""
"0","mse <- function(y_true, y_pred) {"
"0","  mean((y_true - y_pred)^2)"
"0","}"
"0",""
"0","mse(1:10, 10:1)"
"1","[1]"
"1"," 33"
"1","
"
"0","mse(Boston$medv, predict(lm_ses))"
"1","[1]"
"1"," 38.48297"
"1","
"
"0","splits <- c(rep(""train"", 253), rep(""validation"", 152), rep(""test"", 101))"
"0",""
"0","boston_master <- Boston %>% mutate(splits = sample(splits))"
"0",""
"0","boston_train <- boston_master %>% filter(splits == ""train"")"
"0","boston_valid <- boston_master %>% filter(splits == ""validation"")"
"0","boston_test  <- boston_master %>% filter(splits == ""test"")"
"0",""
"0","model_1 <- lm(medv ~ lstat, data = boston_train)"
"0","summary(model_1)"
"1","
Call:
"
"1",""
"1","lm(formula = medv ~ lstat, data = boston_train)"
"1",""
"1","

"
"1",""
"1","Residuals:
"
"1","   Min "
"1","    1Q "
"1","Median "
"1","    3Q "
"1","   Max "
"1","
"
"1","-9.544 "
"1","-3.842 "
"1","-1.160 "
"1"," 2.100 "
"1","24.848 "
"1","
"
"1","
Coefficients:
"
"1","           "
"1"," Estimate"
"1"," Std. Error"
"1"," t value"
"1"," Pr(>|t|)"
"1","    "
"1","
(Intercept)"
"1"," 34.82027"
"1","    0.75931"
"1","   45.86"
"1","   <2e-16"
"1"," ***"
"1","
lstat      "
"1"," -1.01454"
"1","    0.05313"
"1","  -19.10"
"1","   <2e-16"
"1"," ***"
"1","
"
"1","---
Signif. codes:  "
"1",""
"1","0 ‘***’ 0.001 ‘**’ 0.01 ‘*’ 0.05 ‘.’ 0.1 ‘ ’ 1"
"1","
"
"1","
Residual standard error:"
"1"," "
"1","5.75"
"1"," "
"1","on"
"1"," "
"1","251"
"1"," "
"1","degrees of freedom"
"1","
"
"1","Multiple R-squared: "
"1"," "
"1","0.5923"
"1",",	Adjusted R-squared: "
"1"," "
"1","0.5907"
"1"," "
"1","
F-statistic:"
"1"," "
"1","364.7"
"1"," "
"1","on"
"1"," "
"1","1"
"1"," "
"1","and"
"1"," "
"1","251"
"1"," "
"1","DF,  p-value:"
"1"," "
"1","< 2.2e-16"
"1","
"
"1","
"
"0","model_1_mse_train <- mse(y_true = boston_train$medv, y_pred = predict(model_1))"
"0",""
"0",""
"0","model_1_mse_valid <- mse(y_true = boston_valid$medv, "
"0","                         y_pred = predict(model_1, newdata = boston_valid))"
"0",""
"0","model_2 <- lm(medv ~ lstat + age + tax, data = boston_train)"
"0","model_2_mse_train <- mse(y_true = boston_train$medv, y_pred = predict(model_2))"
"0","model_2_mse_valid <- mse(y_true = boston_valid$medv, "
"0","                         y_pred = predict(model_2, newdata = boston_valid))"
"0",""
"0",""
"0","model_2_mse_test <- mse(y_true = boston_test$medv, "
"0","                        y_pred = predict(model_2, newdata = boston_test))"
"0",""
"0","# The estimate for the expected amount of error when predicting "
"0","# the median value of a not previously seen town in Boston when "
"0","# using this model is:"
"0",""
"0","sqrt(model_2_mse_test)"
"1","[1]"
"1"," 7.29461"
"1","
"
"0","mse <- function(y_true, y_pred) mean((y_true - y_pred)^2)"
"0",""
"0","cv_lm <- function(formula, dataset, k) {"
"0","  # We can do some error checking before starting the function"
"0","  stopifnot(is_formula(formula))       # formula must be a formula"
"0","  stopifnot(is.data.frame(dataset))    # dataset must be data frame"
"0","  stopifnot(is.integer(as.integer(k))) # k must be convertible to int"
"0","  "
"0","  # first, add a selection column to the dataset as before"
"0","  n_samples  <- nrow(dataset)"
"0","  select_vec <- rep(1:k, length.out = n_samples)"
"0","  data_split <- dataset %>% mutate(folds = sample(select_vec))"
"0","  "
"0","  # initialise an output vector of k mse values, which we "
"0","  # will fill by using a _for loop_ going over each fold"
"0","  mses <- rep(0, k)"
"0","  "
"0","  # start the for loop"
"0","  for (i in 1:k) {"
"0","    # split the data in train and validation set"
"0","    data_train <- data_split %>% filter(folds != i)"
"0","    data_valid <- data_split %>% filter(folds == i)"
"0","    "
"0","    # calculate the model on this data"
"0","    model_i <- lm(formula = formula, data = data_train)"
"0","    "
"0","    # Extract the y column name from the formula"
"0","    y_column_name <- as.character(formula)[2]"
"0","    "
"0","    # calculate the mean square error and assign it to mses"
"0","    mses[i] <- mse(y_true = data_valid[[y_column_name]],"
"0","                   y_pred = predict(model_i, newdata = data_valid))"
"0","  }"
"0","  "
"0","  # now we have a vector of k mse values. All we need is to"
"0","  # return the mean mse!"
"0","  mean(mses)"
"0","}"
"0",""
"0","cv_lm(formula = medv ~ lstat + age + tax, dataset = Boston, k = 9)"
"1","[1]"
"1"," 37.82622"
"1","
"
"0","cv_lm(formula = medv ~ lstat + I(lstat^2) + age + tax, dataset = Boston, k = 9)"
"1","[1]"
"1"," 28.1368"
"1","
"
