{"chunk_definitions":[{"row":31,"row_count":1,"visible":true,"expansion_state":0,"options":{"engine":"r","label":"load_packages","message":false,"warning":false},"document_id":"ADF56D15","chunk_id":"cjxcx79i0l5el","chunk_label":"load_packages"},{"row":63,"row_count":1,"visible":true,"expansion_state":0,"options":{},"document_id":"ADF56D15","chunk_id":"c92vnpvyyr8io","chunk_label":"1"},{"row":77,"row_count":1,"visible":true,"expansion_state":0,"options":{},"document_id":"ADF56D15","chunk_id":"cy922cgsnm7kt","chunk_label":"2"},{"row":92,"row_count":1,"visible":true,"expansion_state":0,"options":{},"document_id":"ADF56D15","chunk_id":"c0b2zxhi2d1pc","chunk_label":"3"},{"row":107,"row_count":1,"visible":true,"expansion_state":0,"options":{},"document_id":"ADF56D15","chunk_id":"cuo4eeemawyv7","chunk_label":"4"},{"row":120,"row_count":1,"visible":true,"expansion_state":0,"options":{},"document_id":"ADF56D15","chunk_id":"c8gbcp154wf21","chunk_label":"ncol"},{"row":136,"row_count":1,"visible":true,"expansion_state":0,"options":{},"document_id":"ADF56D15","chunk_id":"cbkz6apg5dwe5","chunk_label":"readcsv"},{"row":149,"row_count":1,"visible":true,"expansion_state":0,"options":{},"document_id":"ADF56D15","chunk_id":"ceash9hnh6rki","chunk_label":"ok"},{"row":159,"row_count":1,"visible":true,"expansion_state":0,"options":{},"document_id":"ADF56D15","chunk_id":"cstnw21d6wz7v","chunk_label":"head"},{"row":172,"row_count":1,"visible":true,"expansion_state":0,"options":{},"document_id":"ADF56D15","chunk_id":"c0z9qnjjlcarl","chunk_label":"readxl"},{"row":182,"row_count":1,"visible":true,"expansion_state":0,"options":{},"document_id":"ADF56D15","chunk_id":"cw8jyro9w3r6t","chunk_label":"summary"},{"row":204,"row_count":1,"visible":true,"expansion_state":0,"options":{},"document_id":"ADF56D15","chunk_id":"c3cdezbjuep3a","chunk_label":"filter1"},{"row":216,"row_count":1,"visible":true,"expansion_state":0,"options":{},"document_id":"ADF56D15","chunk_id":"cbdap60yyc3zm","chunk_label":"filter2"},{"row":229,"row_count":1,"visible":true,"expansion_state":0,"options":{},"document_id":"ADF56D15","chunk_id":"c1goon19f7ncs","chunk_label":"arrange"},{"row":244,"row_count":1,"visible":true,"expansion_state":0,"options":{},"document_id":"ADF56D15","chunk_id":"cyeshlcbpwk3r","chunk_label":"select"},{"row":252,"row_count":1,"visible":true,"expansion_state":0,"options":{},"document_id":"ADF56D15","chunk_id":"cw8s32416elhb","chunk_label":"passfail"},{"row":273,"row_count":1,"visible":true,"expansion_state":0,"options":{},"document_id":"ADF56D15","chunk_id":"cvau4hzufsnhm","chunk_label":"recode"},{"row":300,"row_count":1,"visible":true,"expansion_state":0,"options":{},"document_id":"ADF56D15","chunk_id":"cpa9i3vwlqo4m","chunk_label":"pipeline"},{"row":322,"row_count":1,"visible":true,"expansion_state":0,"options":{},"document_id":"ADF56D15","chunk_id":"cmrd06xcmwlb2","chunk_label":"bestapps"},{"row":338,"row_count":1,"visible":true,"expansion_state":0,"options":{},"document_id":"ADF56D15","chunk_id":"cq6bs1uih6vbq","chunk_label":"meangrade"},{"row":353,"row_count":1,"visible":true,"expansion_state":0,"options":{},"document_id":"ADF56D15","chunk_id":"cicg7c5vdd35k","chunk_label":"rating"},{"row":363,"row_count":1,"visible":true,"expansion_state":0,"options":{},"document_id":"ADF56D15","chunk_id":"cq7h6nicwvtm4","chunk_label":"mad"},{"row":380,"row_count":1,"visible":true,"expansion_state":0,"options":{},"document_id":"ADF56D15","chunk_id":"cry3ddlvi3ayn","chunk_label":"rating2"},{"row":401,"row_count":1,"visible":true,"expansion_state":0,"options":{},"document_id":"ADF56D15","chunk_id":"c74ncf63x1s6u","chunk_label":"group2"},{"row":410,"row_count":1,"visible":true,"expansion_state":0,"options":{},"document_id":"ADF56D15","chunk_id":"c67ri55b3dqb8","chunk_label":"group2"},{"row":430,"row_count":1,"visible":true,"expansion_state":0,"options":{},"document_id":"ADF56D15","chunk_id":"cpvzpmn9fjjg7","chunk_label":"final"}],"doc_write_time":1663510592}