{"chunk_definitions":[{"row":32,"row_count":1,"visible":true,"expansion_state":0,"options":{"engine":"r","label":"unnamed-chunk-2"},"document_id":"8BC06FC1","chunk_id":"csao3kbqsetub","chunk_label":"unnamed-chunk-1"},{"row":37,"row_count":1,"visible":true,"expansion_state":0,"options":{"engine":"r","label":"unnamed-chunk-3"},"document_id":"8BC06FC1","chunk_id":"crpdbq4c8s0n4","chunk_label":"unnamed-chunk-2"},{"row":45,"row_count":1,"visible":true,"expansion_state":0,"options":{"engine":"r","label":"unnamed-chunk-4"},"document_id":"8BC06FC1","chunk_id":"cyylcrdzln1rk","chunk_label":"unnamed-chunk-3"}],"doc_write_time":1666631738}